{
    "V101": {
        "NumVol": "V101",
        "VilleD": "Marseille",
        "VilleA": "Amsterdam",
        "DateD": "1/04/07",
        "HD Time": "8:10",
        "DateA": "1/04/07",
        "HAtime": "9:10",
        "Avion": {
            "NumAv": "560",
            "NomAv": "Airbus A320",
            "CapAv": "250",
            "VilleAv": "Nice"
        },
        "Pilote": {
            "NumPil": "5050",
            "NomPil": "Leblanc",
            "NaisPil": "1960",
            "VillePil": "Marseille"
        },
        "Clients": [
            {
                "NumClient": "1031",
                "NomClient": "Bohr",
                "NombrePlaces": "2",
                "Classe": "Business"
            },
            {
                "NumClient": "1027",
                "NomClient": "Lorentz",
                "NombrePlaces": "2",
                "Classe": "Business"
            },
            {
                "NumClient": "1031",
                "NomClient": "Bohr",
                "NombrePlaces": "5",
                "Classe": "Touriste"
            },
            {
                "NumClient": "1033",
                "NomClient": "Dirac",
                "NombrePlaces": "7",
                "Classe": "Touriste"
            },
            {
                "NumClient": "1028",
                "NomClient": "Lenard",
                "NombrePlaces": "6",
                "Classe": "Touriste"
            },
            {
                "NumClient": "1021",
                "NomClient": "Perse",
                "NombrePlaces": "6",
                "Classe": "Touriste"
            },
            {
                "NumClient": "1002",
                "NomClient": "Leblanc",
                "NombrePlaces": "5",
                "Classe": "Touriste"
            },
            {
                "NumClient": "1029",
                "NomClient": "Planck",
                "NombrePlaces": "7",
                "Classe": "Economique"
            },
            {
                "NumClient": "1015",
                "NomClient": "Rolland",
                "NombrePlaces": "1",
                "Classe": "Economique"
            },
            {
                "NumClient": "1006",
                "NomClient": "Grignard",
                "NombrePlaces": "4",
                "Classe": "Economique"
            }
        ]
    },
    "V102": {
        "NumVol": "V102",
        "VilleD": "Marseille",
        "VilleA": "Amsterdam",
        "DateD": "2/04/07",
        "HD Time": "8:10",
        "DateA": "2/04/07",
        "HAtime": "9:10",
        "Avion": {
            "NumAv": "560",
            "NomAv": "Airbus A320",
            "CapAv": "250",
            "VilleAv": "Nice"
        },
        "Pilote": {
            "NumPil": "5050",
            "NomPil": "Leblanc",
            "NaisPil": "1960",
            "VillePil": "Marseille"
        },
        "Clients": []
    },
    "V103": {
        "NumVol": "V103",
        "VilleD": "Marseille",
        "VilleA": "Amsterdam",
        "DateD": "3/04/07",
        "HD Time": "8:10",
        "DateA": "3/04/07",
        "HAtime": "9:10",
        "Avion": {
            "NumAv": "560",
            "NomAv": "Airbus A320",
            "CapAv": "250",
            "VilleAv": "Nice"
        },
        "Pilote": {
            "NumPil": "5050",
            "NomPil": "Leblanc",
            "NaisPil": "1960",
            "VillePil": "Marseille"
        },
        "Clients": []
    },
    "V104": {
        "NumVol": "V104",
        "VilleD": "Marseille",
        "VilleA": "Amsterdam",
        "DateD": "4/04/07",
        "HD Time": "8:10",
        "DateA": "4/04/07",
        "HAtime": "9:10",
        "Avion": {
            "NumAv": "560",
            "NomAv": "Airbus A320",
            "CapAv": "250",
            "VilleAv": "Nice"
        },
        "Pilote": {
            "NumPil": "5050",
            "NomPil": "Leblanc",
            "NaisPil": "1960",
            "VillePil": "Marseille"
        },
        "Clients": []
    },
    "V105": {
        "NumVol": "V105",
        "VilleD": "Marseille",
        "VilleA": "Amsterdam",
        "DateD": "5/04/07",
        "HD Time": "8:10",
        "DateA": "5/04/07",
        "HAtime": "9:10",
        "Avion": {
            "NumAv": "560",
            "NomAv": "Airbus A320",
            "CapAv": "250",
            "VilleAv": "Nice"
        },
        "Pilote": {
            "NumPil": "5050",
            "NomPil": "Leblanc",
            "NaisPil": "1960",
            "VillePil": "Marseille"
        },
        "Clients": []
    },
    "V106": {
        "NumVol": "V106",
        "VilleD": "Marseille",
        "VilleA": "Amsterdam",
        "DateD": "6/04/07",
        "HD Time": "8:10",
        "DateA": "6/04/07",
        "HAtime": "9:10",
        "Avion": {
            "NumAv": "560",
            "NomAv": "Airbus A320",
            "CapAv": "250",
            "VilleAv": "Nice"
        },
        "Pilote": {
            "NumPil": "5050",
            "NomPil": "Leblanc",
            "NaisPil": "1960",
            "VillePil": "Marseille"
        },
        "Clients": []
    },
    "V107": {
        "NumVol": "V107",
        "VilleD": "Marseille",
        "VilleA": "Amsterdam",
        "DateD": "7/04/07",
        "HD Time": "8:10",
        "DateA": "7/04/07",
        "HAtime": "9:10",
        "Avion": {
            "NumAv": "560",
            "NomAv": "Airbus A320",
            "CapAv": "250",
            "VilleAv": "Nice"
        },
        "Pilote": {
            "NumPil": "5050",
            "NomPil": "Leblanc",
            "NaisPil": "1960",
            "VillePil": "Marseille"
        },
        "Clients": []
    },
    "V108": {
        "NumVol": "V108",
        "VilleD": "Marseille",
        "VilleA": "Amsterdam",
        "DateD": "8/04/07",
        "HD Time": "8:10",
        "DateA": "8/04/07",
        "HAtime": "9:10",
        "Avion": {
            "NumAv": "560",
            "NomAv": "Airbus A320",
            "CapAv": "250",
            "VilleAv": "Nice"
        },
        "Pilote": {
            "NumPil": "5050",
            "NomPil": "Leblanc",
            "NaisPil": "1960",
            "VillePil": "Marseille"
        },
        "Clients": []
    },
    "V109": {
        "NumVol": "V109",
        "VilleD": "Marseille",
        "VilleA": "Amsterdam",
        "DateD": "9/04/07",
        "HD Time": "8:10",
        "DateA": "9/04/07",
        "HAtime": "9:10",
        "Avion": {
            "NumAv": "560",
            "NomAv": "Airbus A320",
            "CapAv": "250",
            "VilleAv": "Nice"
        },
        "Pilote": {
            "NumPil": "5050",
            "NomPil": "Leblanc",
            "NaisPil": "1960",
            "VillePil": "Marseille"
        },
        "Clients": []
    },
    "V110": {
        "NumVol": "V110",
        "VilleD": "Marseille",
        "VilleA": "Amsterdam",
        "DateD": "10/04/07",
        "HD Time": "8:10",
        "DateA": "10/04/07",
        "HAtime": "9:10",
        "Avion": {
            "NumAv": "560",
            "NomAv": "Airbus A320",
            "CapAv": "250",
            "VilleAv": "Nice"
        },
        "Pilote": {
            "NumPil": "5050",
            "NomPil": "Leblanc",
            "NaisPil": "1960",
            "VillePil": "Marseille"
        },
        "Clients": []
    },
    "V111": {
        "NumVol": "V111",
        "VilleD": "Marseille",
        "VilleA": "Amsterdam",
        "DateD": "11/04/07",
        "HD Time": "8:10",
        "DateA": "11/04/07",
        "HAtime": "9:10",
        "Avion": {
            "NumAv": "560",
            "NomAv": "Airbus A320",
            "CapAv": "250",
            "VilleAv": "Nice"
        },
        "Pilote": {
            "NumPil": "5050",
            "NomPil": "Leblanc",
            "NaisPil": "1960",
            "VillePil": "Marseille"
        },
        "Clients": []
    },
    "V112": {
        "NumVol": "V112",
        "VilleD": "Marseille",
        "VilleA": "Amsterdam",
        "DateD": "12/04/07",
        "HD Time": "8:10",
        "DateA": "12/04/07",
        "HAtime": "9:10",
        "Avion": {
            "NumAv": "560",
            "NomAv": "Airbus A320",
            "CapAv": "250",
            "VilleAv": "Nice"
        },
        "Pilote": {
            "NumPil": "5050",
            "NomPil": "Leblanc",
            "NaisPil": "1960",
            "VillePil": "Marseille"
        },
        "Clients": []
    },
    "V113": {
        "NumVol": "V113",
        "VilleD": "Marseille",
        "VilleA": "Amsterdam",
        "DateD": "13/04/07",
        "HD Time": "8:10",
        "DateA": "13/04/07",
        "HAtime": "9:10",
        "Avion": {
            "NumAv": "560",
            "NomAv": "Airbus A320",
            "CapAv": "250",
            "VilleAv": "Nice"
        },
        "Pilote": {
            "NumPil": "5050",
            "NomPil": "Leblanc",
            "NaisPil": "1960",
            "VillePil": "Marseille"
        },
        "Clients": []
    },
    "V114": {
        "NumVol": "V114",
        "VilleD": "Marseille",
        "VilleA": "Amsterdam",
        "DateD": "14/04/07",
        "HD Time": "8:10",
        "DateA": "14/04/07",
        "HAtime": "9:10",
        "Avion": {
            "NumAv": "560",
            "NomAv": "Airbus A320",
            "CapAv": "250",
            "VilleAv": "Nice"
        },
        "Pilote": {
            "NumPil": "5050",
            "NomPil": "Leblanc",
            "NaisPil": "1960",
            "VillePil": "Marseille"
        },
        "Clients": []
    },
    "V115": {
        "NumVol": "V115",
        "VilleD": "Marseille",
        "VilleA": "Amsterdam",
        "DateD": "15/04/07",
        "HD Time": "8:10",
        "DateA": "15/04/07",
        "HAtime": "9:10",
        "Avion": {
            "NumAv": "560",
            "NomAv": "Airbus A320",
            "CapAv": "250",
            "VilleAv": "Nice"
        },
        "Pilote": {
            "NumPil": "5050",
            "NomPil": "Leblanc",
            "NaisPil": "1960",
            "VillePil": "Marseille"
        },
        "Clients": []
    },
    "V116": {
        "NumVol": "V116",
        "VilleD": "Marseille",
        "VilleA": "Amsterdam",
        "DateD": "16/04/07",
        "HD Time": "8:10",
        "DateA": "16/04/07",
        "HAtime": "9:10",
        "Avion": {
            "NumAv": "560",
            "NomAv": "Airbus A320",
            "CapAv": "250",
            "VilleAv": "Nice"
        },
        "Pilote": {
            "NumPil": "5050",
            "NomPil": "Leblanc",
            "NaisPil": "1960",
            "VillePil": "Marseille"
        },
        "Clients": []
    },
    "V117": {
        "NumVol": "V117",
        "VilleD": "Marseille",
        "VilleA": "Amsterdam",
        "DateD": "17/04/07",
        "HD Time": "8:10",
        "DateA": "17/04/07",
        "HAtime": "9:10",
        "Avion": {
            "NumAv": "560",
            "NomAv": "Airbus A320",
            "CapAv": "250",
            "VilleAv": "Nice"
        },
        "Pilote": {
            "NumPil": "5050",
            "NomPil": "Leblanc",
            "NaisPil": "1960",
            "VillePil": "Marseille"
        },
        "Clients": []
    },
    "V118": {
        "NumVol": "V118",
        "VilleD": "Marseille",
        "VilleA": "Amsterdam",
        "DateD": "18/04/07",
        "HD Time": "8:10",
        "DateA": "18/04/07",
        "HAtime": "9:10",
        "Avion": {
            "NumAv": "560",
            "NomAv": "Airbus A320",
            "CapAv": "250",
            "VilleAv": "Nice"
        },
        "Pilote": {
            "NumPil": "5050",
            "NomPil": "Leblanc",
            "NaisPil": "1960",
            "VillePil": "Marseille"
        },
        "Clients": []
    },
    "V119": {
        "NumVol": "V119",
        "VilleD": "Marseille",
        "VilleA": "Amsterdam",
        "DateD": "19/04/07",
        "HD Time": "8:10",
        "DateA": "19/04/07",
        "HAtime": "9:10",
        "Avion": {
            "NumAv": "560",
            "NomAv": "Airbus A320",
            "CapAv": "250",
            "VilleAv": "Nice"
        },
        "Pilote": {
            "NumPil": "5050",
            "NomPil": "Leblanc",
            "NaisPil": "1960",
            "VillePil": "Marseille"
        },
        "Clients": []
    },
    "V120": {
        "NumVol": "V120",
        "VilleD": "Marseille",
        "VilleA": "Amsterdam",
        "DateD": "20/04/07",
        "HD Time": "8:10",
        "DateA": "20/04/07",
        "HAtime": "9:10",
        "Avion": {
            "NumAv": "560",
            "NomAv": "Airbus A320",
            "CapAv": "250",
            "VilleAv": "Nice"
        },
        "Pilote": {
            "NumPil": "5050",
            "NomPil": "Leblanc",
            "NaisPil": "1960",
            "VillePil": "Marseille"
        },
        "Clients": []
    },
    "V141": {
        "NumVol": "V141",
        "VilleD": "Amsterdam",
        "VilleA": "Marseille",
        "DateD": "1/04/07",
        "HD Time": "23:20",
        "DateA": "2/04/07",
        "HAtime": "1:10",
        "Avion": {
            "NumAv": "101",
            "NomAv": "Boeing 707",
            "CapAv": "350",
            "VilleAv": "Beyrouth"
        },
        "Pilote": {
            "NumPil": "5050",
            "NomPil": "Leblanc",
            "NaisPil": "1960",
            "VillePil": "Marseille"
        },
        "Clients": [
            {
                "NumClient": "1001",
                "NomClient": "Becquerel",
                "NombrePlaces": "3",
                "Classe": "Business"
            },
            {
                "NumClient": "1008",
                "NomClient": "Joliot",
                "NombrePlaces": "2",
                "Classe": "Touriste"
            },
            {
                "NumClient": "1011",
                "NomClient": "Richet",
                "NombrePlaces": "8",
                "Classe": "Economique"
            }
        ]
    },
    "V142": {
        "NumVol": "V142",
        "VilleD": "Amsterdam",
        "VilleA": "Marseille",
        "DateD": "2/04/07",
        "HD Time": "23:20",
        "DateA": "3/04/07",
        "HAtime": "1:10",
        "Avion": {
            "NumAv": "101",
            "NomAv": "Boeing 707",
            "CapAv": "350",
            "VilleAv": "Beyrouth"
        },
        "Pilote": {
            "NumPil": "5050",
            "NomPil": "Leblanc",
            "NaisPil": "1960",
            "VillePil": "Marseille"
        },
        "Clients": []
    },
    "V143": {
        "NumVol": "V143",
        "VilleD": "Amsterdam",
        "VilleA": "Marseille",
        "DateD": "3/04/07",
        "HD Time": "23:20",
        "DateA": "4/04/07",
        "HAtime": "1:10",
        "Avion": {
            "NumAv": "101",
            "NomAv": "Boeing 707",
            "CapAv": "350",
            "VilleAv": "Beyrouth"
        },
        "Pilote": {
            "NumPil": "5050",
            "NomPil": "Leblanc",
            "NaisPil": "1960",
            "VillePil": "Marseille"
        },
        "Clients": []
    },
    "V144": {
        "NumVol": "V144",
        "VilleD": "Amsterdam",
        "VilleA": "Marseille",
        "DateD": "4/04/07",
        "HD Time": "23:20",
        "DateA": "5/04/07",
        "HAtime": "1:10",
        "Avion": {
            "NumAv": "101",
            "NomAv": "Boeing 707",
            "CapAv": "350",
            "VilleAv": "Beyrouth"
        },
        "Pilote": {
            "NumPil": "5050",
            "NomPil": "Leblanc",
            "NaisPil": "1960",
            "VillePil": "Marseille"
        },
        "Clients": []
    },
    "V145": {
        "NumVol": "V145",
        "VilleD": "Amsterdam",
        "VilleA": "Marseille",
        "DateD": "5/04/07",
        "HD Time": "23:20",
        "DateA": "6/04/07",
        "HAtime": "1:10",
        "Avion": {
            "NumAv": "101",
            "NomAv": "Boeing 707",
            "CapAv": "350",
            "VilleAv": "Beyrouth"
        },
        "Pilote": {
            "NumPil": "5050",
            "NomPil": "Leblanc",
            "NaisPil": "1960",
            "VillePil": "Marseille"
        },
        "Clients": []
    },
    "V146": {
        "NumVol": "V146",
        "VilleD": "Amsterdam",
        "VilleA": "Marseille",
        "DateD": "6/04/07",
        "HD Time": "23:20",
        "DateA": "7/04/07",
        "HAtime": "1:10",
        "Avion": {
            "NumAv": "101",
            "NomAv": "Boeing 707",
            "CapAv": "350",
            "VilleAv": "Beyrouth"
        },
        "Pilote": {
            "NumPil": "5050",
            "NomPil": "Leblanc",
            "NaisPil": "1960",
            "VillePil": "Marseille"
        },
        "Clients": []
    },
    "V147": {
        "NumVol": "V147",
        "VilleD": "Amsterdam",
        "VilleA": "Marseille",
        "DateD": "7/04/07",
        "HD Time": "23:20",
        "DateA": "8/04/07",
        "HAtime": "1:10",
        "Avion": {
            "NumAv": "101",
            "NomAv": "Boeing 707",
            "CapAv": "350",
            "VilleAv": "Beyrouth"
        },
        "Pilote": {
            "NumPil": "5050",
            "NomPil": "Leblanc",
            "NaisPil": "1960",
            "VillePil": "Marseille"
        },
        "Clients": []
    },
    "V148": {
        "NumVol": "V148",
        "VilleD": "Amsterdam",
        "VilleA": "Marseille",
        "DateD": "8/04/07",
        "HD Time": "23:20",
        "DateA": "9/04/07",
        "HAtime": "1:10",
        "Avion": {
            "NumAv": "101",
            "NomAv": "Boeing 707",
            "CapAv": "350",
            "VilleAv": "Beyrouth"
        },
        "Pilote": {
            "NumPil": "5050",
            "NomPil": "Leblanc",
            "NaisPil": "1960",
            "VillePil": "Marseille"
        },
        "Clients": []
    },
    "V149": {
        "NumVol": "V149",
        "VilleD": "Amsterdam",
        "VilleA": "Marseille",
        "DateD": "9/04/07",
        "HD Time": "23:20",
        "DateA": "10/04/07",
        "HAtime": "1:10",
        "Avion": {
            "NumAv": "101",
            "NomAv": "Boeing 707",
            "CapAv": "350",
            "VilleAv": "Beyrouth"
        },
        "Pilote": {
            "NumPil": "5050",
            "NomPil": "Leblanc",
            "NaisPil": "1960",
            "VillePil": "Marseille"
        },
        "Clients": []
    },
    "V150": {
        "NumVol": "V150",
        "VilleD": "Amsterdam",
        "VilleA": "Marseille",
        "DateD": "10/04/07",
        "HD Time": "23:20",
        "DateA": "11/04/07",
        "HAtime": "1:10",
        "Avion": {
            "NumAv": "101",
            "NomAv": "Boeing 707",
            "CapAv": "350",
            "VilleAv": "Beyrouth"
        },
        "Pilote": {
            "NumPil": "5050",
            "NomPil": "Leblanc",
            "NaisPil": "1960",
            "VillePil": "Marseille"
        },
        "Clients": [
            {
                "NumClient": "1020",
                "NomClient": "Gide",
                "NombrePlaces": "1",
                "Classe": "Business"
            },
            {
                "NumClient": "1027",
                "NomClient": "Lorentz",
                "NombrePlaces": "1",
                "Classe": "Business"
            },
            {
                "NumClient": "1001",
                "NomClient": "Becquerel",
                "NombrePlaces": "1",
                "Classe": "Touriste"
            },
            {
                "NumClient": "1029",
                "NomClient": "Planck",
                "NombrePlaces": "7",
                "Classe": "Economique"
            }
        ]
    },
    "V151": {
        "NumVol": "V151",
        "VilleD": "Amsterdam",
        "VilleA": "Marseille",
        "DateD": "11/04/07",
        "HD Time": "23:20",
        "DateA": "12/04/07",
        "HAtime": "1:10",
        "Avion": {
            "NumAv": "101",
            "NomAv": "Boeing 707",
            "CapAv": "350",
            "VilleAv": "Beyrouth"
        },
        "Pilote": {
            "NumPil": "5050",
            "NomPil": "Leblanc",
            "NaisPil": "1960",
            "VillePil": "Marseille"
        },
        "Clients": []
    },
    "V152": {
        "NumVol": "V152",
        "VilleD": "Amsterdam",
        "VilleA": "Marseille",
        "DateD": "12/04/07",
        "HD Time": "23:20",
        "DateA": "13/04/07",
        "HAtime": "1:10",
        "Avion": {
            "NumAv": "101",
            "NomAv": "Boeing 707",
            "CapAv": "350",
            "VilleAv": "Beyrouth"
        },
        "Pilote": {
            "NumPil": "5050",
            "NomPil": "Leblanc",
            "NaisPil": "1960",
            "VillePil": "Marseille"
        },
        "Clients": []
    },
    "V153": {
        "NumVol": "V153",
        "VilleD": "Amsterdam",
        "VilleA": "Marseille",
        "DateD": "13/04/07",
        "HD Time": "23:20",
        "DateA": "14/04/07",
        "HAtime": "1:10",
        "Avion": {
            "NumAv": "101",
            "NomAv": "Boeing 707",
            "CapAv": "350",
            "VilleAv": "Beyrouth"
        },
        "Pilote": {
            "NumPil": "5050",
            "NomPil": "Leblanc",
            "NaisPil": "1960",
            "VillePil": "Marseille"
        },
        "Clients": []
    },
    "V154": {
        "NumVol": "V154",
        "VilleD": "Amsterdam",
        "VilleA": "Marseille",
        "DateD": "14/04/07",
        "HD Time": "23:20",
        "DateA": "15/04/07",
        "HAtime": "1:10",
        "Avion": {
            "NumAv": "101",
            "NomAv": "Boeing 707",
            "CapAv": "350",
            "VilleAv": "Beyrouth"
        },
        "Pilote": {
            "NumPil": "5050",
            "NomPil": "Leblanc",
            "NaisPil": "1960",
            "VillePil": "Marseille"
        },
        "Clients": []
    },
    "V155": {
        "NumVol": "V155",
        "VilleD": "Amsterdam",
        "VilleA": "Marseille",
        "DateD": "15/04/07",
        "HD Time": "23:20",
        "DateA": "16/04/07",
        "HAtime": "1:10",
        "Avion": {
            "NumAv": "101",
            "NomAv": "Boeing 707",
            "CapAv": "350",
            "VilleAv": "Beyrouth"
        },
        "Pilote": {
            "NumPil": "5050",
            "NomPil": "Leblanc",
            "NaisPil": "1960",
            "VillePil": "Marseille"
        },
        "Clients": []
    },
    "V156": {
        "NumVol": "V156",
        "VilleD": "Amsterdam",
        "VilleA": "Marseille",
        "DateD": "16/04/07",
        "HD Time": "23:20",
        "DateA": "17/04/07",
        "HAtime": "1:10",
        "Avion": {
            "NumAv": "101",
            "NomAv": "Boeing 707",
            "CapAv": "350",
            "VilleAv": "Beyrouth"
        },
        "Pilote": {
            "NumPil": "5050",
            "NomPil": "Leblanc",
            "NaisPil": "1960",
            "VillePil": "Marseille"
        },
        "Clients": []
    },
    "V157": {
        "NumVol": "V157",
        "VilleD": "Amsterdam",
        "VilleA": "Marseille",
        "DateD": "17/04/07",
        "HD Time": "23:20",
        "DateA": "18/04/07",
        "HAtime": "1:10",
        "Avion": {
            "NumAv": "101",
            "NomAv": "Boeing 707",
            "CapAv": "350",
            "VilleAv": "Beyrouth"
        },
        "Pilote": {
            "NumPil": "5050",
            "NomPil": "Leblanc",
            "NaisPil": "1960",
            "VillePil": "Marseille"
        },
        "Clients": []
    },
    "V180": {
        "NumVol": "V180",
        "VilleD": "Marseille",
        "VilleA": "Amsterdam",
        "DateD": "10/04/07",
        "HD Time": "10:10",
        "DateA": "10/04/07",
        "HAtime": "11:10",
        "Avion": {
            "NumAv": "915",
            "NomAv": "Airbus A340",
            "CapAv": "350",
            "VilleAv": "Nice"
        },
        "Pilote": {
            "NumPil": "5050",
            "NomPil": "Leblanc",
            "NaisPil": "1960",
            "VillePil": "Marseille"
        },
        "Clients": []
    },
    "V181": {
        "NumVol": "V181",
        "VilleD": "Marseille",
        "VilleA": "Amsterdam",
        "DateD": "11/04/07",
        "HD Time": "10:10",
        "DateA": "11/04/07",
        "HAtime": "11:10",
        "Avion": {
            "NumAv": "915",
            "NomAv": "Airbus A340",
            "CapAv": "350",
            "VilleAv": "Nice"
        },
        "Pilote": {
            "NumPil": "5050",
            "NomPil": "Leblanc",
            "NaisPil": "1960",
            "VillePil": "Marseille"
        },
        "Clients": []
    },
    "V182": {
        "NumVol": "V182",
        "VilleD": "Marseille",
        "VilleA": "Amsterdam",
        "DateD": "12/04/07",
        "HD Time": "10:10",
        "DateA": "12/04/07",
        "HAtime": "11:10",
        "Avion": {
            "NumAv": "915",
            "NomAv": "Airbus A340",
            "CapAv": "350",
            "VilleAv": "Nice"
        },
        "Pilote": {
            "NumPil": "5050",
            "NomPil": "Leblanc",
            "NaisPil": "1960",
            "VillePil": "Marseille"
        },
        "Clients": []
    },
    "V183": {
        "NumVol": "V183",
        "VilleD": "Marseille",
        "VilleA": "Amsterdam",
        "DateD": "13/04/07",
        "HD Time": "10:10",
        "DateA": "13/04/07",
        "HAtime": "11:10",
        "Avion": {
            "NumAv": "915",
            "NomAv": "Airbus A340",
            "CapAv": "350",
            "VilleAv": "Nice"
        },
        "Pilote": {
            "NumPil": "5050",
            "NomPil": "Leblanc",
            "NaisPil": "1960",
            "VillePil": "Marseille"
        },
        "Clients": []
    },
    "V184": {
        "NumVol": "V184",
        "VilleD": "Marseille",
        "VilleA": "Amsterdam",
        "DateD": "14/04/07",
        "HD Time": "10:10",
        "DateA": "14/04/07",
        "HAtime": "11:10",
        "Avion": {
            "NumAv": "915",
            "NomAv": "Airbus A340",
            "CapAv": "350",
            "VilleAv": "Nice"
        },
        "Pilote": {
            "NumPil": "5050",
            "NomPil": "Leblanc",
            "NaisPil": "1960",
            "VillePil": "Marseille"
        },
        "Clients": []
    },
    "V185": {
        "NumVol": "V185",
        "VilleD": "Marseille",
        "VilleA": "Amsterdam",
        "DateD": "15/04/07",
        "HD Time": "10:10",
        "DateA": "15/04/07",
        "HAtime": "11:10",
        "Avion": {
            "NumAv": "915",
            "NomAv": "Airbus A340",
            "CapAv": "350",
            "VilleAv": "Nice"
        },
        "Pilote": {
            "NumPil": "5050",
            "NomPil": "Leblanc",
            "NaisPil": "1960",
            "VillePil": "Marseille"
        },
        "Clients": []
    },
    "V186": {
        "NumVol": "V186",
        "VilleD": "Marseille",
        "VilleA": "Amsterdam",
        "DateD": "16/04/07",
        "HD Time": "10:10",
        "DateA": "16/04/07",
        "HAtime": "11:10",
        "Avion": {
            "NumAv": "915",
            "NomAv": "Airbus A340",
            "CapAv": "350",
            "VilleAv": "Nice"
        },
        "Pilote": {
            "NumPil": "5050",
            "NomPil": "Leblanc",
            "NaisPil": "1960",
            "VillePil": "Marseille"
        },
        "Clients": []
    },
    "V187": {
        "NumVol": "V187",
        "VilleD": "Marseille",
        "VilleA": "Amsterdam",
        "DateD": "17/04/07",
        "HD Time": "10:10",
        "DateA": "17/04/07",
        "HAtime": "11:10",
        "Avion": {
            "NumAv": "915",
            "NomAv": "Airbus A340",
            "CapAv": "350",
            "VilleAv": "Nice"
        },
        "Pilote": {
            "NumPil": "5050",
            "NomPil": "Leblanc",
            "NaisPil": "1960",
            "VillePil": "Marseille"
        },
        "Clients": []
    },
    "V188": {
        "NumVol": "V188",
        "VilleD": "Marseille",
        "VilleA": "Amsterdam",
        "DateD": "18/04/07",
        "HD Time": "10:10",
        "DateA": "18/04/07",
        "HAtime": "11:10",
        "Avion": {
            "NumAv": "915",
            "NomAv": "Airbus A340",
            "CapAv": "350",
            "VilleAv": "Nice"
        },
        "Pilote": {
            "NumPil": "5050",
            "NomPil": "Leblanc",
            "NaisPil": "1960",
            "VillePil": "Marseille"
        },
        "Clients": []
    },
    "V189": {
        "NumVol": "V189",
        "VilleD": "Marseille",
        "VilleA": "Amsterdam",
        "DateD": "19/04/07",
        "HD Time": "10:10",
        "DateA": "19/04/07",
        "HAtime": "11:10",
        "Avion": {
            "NumAv": "915",
            "NomAv": "Airbus A340",
            "CapAv": "350",
            "VilleAv": "Nice"
        },
        "Pilote": {
            "NumPil": "5050",
            "NomPil": "Leblanc",
            "NaisPil": "1960",
            "VillePil": "Marseille"
        },
        "Clients": []
    },
    "V190": {
        "NumVol": "V190",
        "VilleD": "Marseille",
        "VilleA": "Amsterdam",
        "DateD": "20/04/07",
        "HD Time": "10:10",
        "DateA": "20/04/07",
        "HAtime": "11:10",
        "Avion": {
            "NumAv": "915",
            "NomAv": "Airbus A340",
            "CapAv": "350",
            "VilleAv": "Nice"
        },
        "Pilote": {
            "NumPil": "5050",
            "NomPil": "Leblanc",
            "NaisPil": "1960",
            "VillePil": "Marseille"
        },
        "Clients": []
    },
    "V191": {
        "NumVol": "V191",
        "VilleD": "Marseille",
        "VilleA": "Amsterdam",
        "DateD": "21/04/07",
        "HD Time": "10:10",
        "DateA": "21/04/07",
        "HAtime": "11:10",
        "Avion": {
            "NumAv": "915",
            "NomAv": "Airbus A340",
            "CapAv": "350",
            "VilleAv": "Nice"
        },
        "Pilote": {
            "NumPil": "5050",
            "NomPil": "Leblanc",
            "NaisPil": "1960",
            "VillePil": "Marseille"
        },
        "Clients": []
    },
    "V192": {
        "NumVol": "V192",
        "VilleD": "Marseille",
        "VilleA": "Amsterdam",
        "DateD": "22/04/07",
        "HD Time": "10:10",
        "DateA": "22/04/07",
        "HAtime": "11:10",
        "Avion": {
            "NumAv": "915",
            "NomAv": "Airbus A340",
            "CapAv": "350",
            "VilleAv": "Nice"
        },
        "Pilote": {
            "NumPil": "5050",
            "NomPil": "Leblanc",
            "NaisPil": "1960",
            "VillePil": "Marseille"
        },
        "Clients": []
    },
    "V193": {
        "NumVol": "V193",
        "VilleD": "Marseille",
        "VilleA": "Amsterdam",
        "DateD": "23/04/07",
        "HD Time": "10:10",
        "DateA": "23/04/07",
        "HAtime": "11:10",
        "Avion": {
            "NumAv": "915",
            "NomAv": "Airbus A340",
            "CapAv": "350",
            "VilleAv": "Nice"
        },
        "Pilote": {
            "NumPil": "5050",
            "NomPil": "Leblanc",
            "NaisPil": "1960",
            "VillePil": "Marseille"
        },
        "Clients": []
    },
    "V194": {
        "NumVol": "V194",
        "VilleD": "Marseille",
        "VilleA": "Amsterdam",
        "DateD": "24/04/07",
        "HD Time": "10:10",
        "DateA": "24/04/07",
        "HAtime": "11:10",
        "Avion": {
            "NumAv": "915",
            "NomAv": "Airbus A340",
            "CapAv": "350",
            "VilleAv": "Nice"
        },
        "Pilote": {
            "NumPil": "5050",
            "NomPil": "Leblanc",
            "NaisPil": "1960",
            "VillePil": "Marseille"
        },
        "Clients": []
    },
    "V195": {
        "NumVol": "V195",
        "VilleD": "Marseille",
        "VilleA": "Amsterdam",
        "DateD": "25/04/07",
        "HD Time": "10:10",
        "DateA": "25/04/07",
        "HAtime": "11:10",
        "Avion": {
            "NumAv": "915",
            "NomAv": "Airbus A340",
            "CapAv": "350",
            "VilleAv": "Nice"
        },
        "Pilote": {
            "NumPil": "5050",
            "NomPil": "Leblanc",
            "NaisPil": "1960",
            "VillePil": "Marseille"
        },
        "Clients": []
    },
    "V196": {
        "NumVol": "V196",
        "VilleD": "Marseille",
        "VilleA": "Amsterdam",
        "DateD": "26/04/07",
        "HD Time": "10:10",
        "DateA": "26/04/07",
        "HAtime": "11:10",
        "Avion": {
            "NumAv": "915",
            "NomAv": "Airbus A340",
            "CapAv": "350",
            "VilleAv": "Nice"
        },
        "Pilote": {
            "NumPil": "5050",
            "NomPil": "Leblanc",
            "NaisPil": "1960",
            "VillePil": "Marseille"
        },
        "Clients": []
    },
    "V197": {
        "NumVol": "V197",
        "VilleD": "Marseille",
        "VilleA": "Amsterdam",
        "DateD": "27/04/07",
        "HD Time": "10:10",
        "DateA": "27/04/07",
        "HAtime": "11:10",
        "Avion": {
            "NumAv": "915",
            "NomAv": "Airbus A340",
            "CapAv": "350",
            "VilleAv": "Nice"
        },
        "Pilote": {
            "NumPil": "5050",
            "NomPil": "Leblanc",
            "NaisPil": "1960",
            "VillePil": "Marseille"
        },
        "Clients": []
    },
    "V198": {
        "NumVol": "V198",
        "VilleD": "Marseille",
        "VilleA": "Amsterdam",
        "DateD": "28/04/07",
        "HD Time": "10:10",
        "DateA": "28/04/07",
        "HAtime": "11:10",
        "Avion": {
            "NumAv": "915",
            "NomAv": "Airbus A340",
            "CapAv": "350",
            "VilleAv": "Nice"
        },
        "Pilote": {
            "NumPil": "5050",
            "NomPil": "Leblanc",
            "NaisPil": "1960",
            "VillePil": "Marseille"
        },
        "Clients": []
    },
    "V199": {
        "NumVol": "V199",
        "VilleD": "Marseille",
        "VilleA": "Amsterdam",
        "DateD": "29/04/07",
        "HD Time": "10:10",
        "DateA": "29/04/07",
        "HAtime": "11:10",
        "Avion": {
            "NumAv": "915",
            "NomAv": "Airbus A340",
            "CapAv": "350",
            "VilleAv": "Nice"
        },
        "Pilote": {
            "NumPil": "5050",
            "NomPil": "Leblanc",
            "NaisPil": "1960",
            "VillePil": "Marseille"
        },
        "Clients": []
    },
    "V200": {
        "NumVol": "V200",
        "VilleD": "Marseille",
        "VilleA": "Amsterdam",
        "DateD": "30/04/07",
        "HD Time": "10:10",
        "DateA": "30/04/07",
        "HAtime": "11:10",
        "Avion": {
            "NumAv": "915",
            "NomAv": "Airbus A340",
            "CapAv": "350",
            "VilleAv": "Nice"
        },
        "Pilote": {
            "NumPil": "5050",
            "NomPil": "Leblanc",
            "NaisPil": "1960",
            "VillePil": "Marseille"
        },
        "Clients": []
    },
    "V211": {
        "NumVol": "V211",
        "VilleD": "Paris",
        "VilleA": "Pekin",
        "DateD": "1/04/07",
        "HD Time": "17:00",
        "DateA": "2/04/07",
        "HAtime": "5:07",
        "Avion": {
            "NumAv": "525",
            "NomAv": "Airbus A320",
            "CapAv": "270",
            "VilleAv": "Paris"
        },
        "Pilote": {
            "NumPil": "5070",
            "NomPil": "Legrand",
            "NaisPil": "1945",
            "VillePil": "Toulon"
        },
        "Clients": []
    },
    "V212": {
        "NumVol": "V212",
        "VilleD": "Paris",
        "VilleA": "Pekin",
        "DateD": "3/04/07",
        "HD Time": "17:00",
        "DateA": "4/04/07",
        "HAtime": "5:07",
        "Avion": {
            "NumAv": "525",
            "NomAv": "Airbus A320",
            "CapAv": "270",
            "VilleAv": "Paris"
        },
        "Pilote": {
            "NumPil": "5070",
            "NomPil": "Legrand",
            "NaisPil": "1945",
            "VillePil": "Toulon"
        },
        "Clients": []
    },
    "V213": {
        "NumVol": "V213",
        "VilleD": "Paris",
        "VilleA": "Pekin",
        "DateD": "5/04/07",
        "HD Time": "17:00",
        "DateA": "6/04/07",
        "HAtime": "5:07",
        "Avion": {
            "NumAv": "525",
            "NomAv": "Airbus A320",
            "CapAv": "270",
            "VilleAv": "Paris"
        },
        "Pilote": {
            "NumPil": "5070",
            "NomPil": "Legrand",
            "NaisPil": "1945",
            "VillePil": "Toulon"
        },
        "Clients": []
    },
    "V214": {
        "NumVol": "V214",
        "VilleD": "Paris",
        "VilleA": "Pekin",
        "DateD": "7/04/07",
        "HD Time": "17:00",
        "DateA": "8/04/07",
        "HAtime": "5:07",
        "Avion": {
            "NumAv": "525",
            "NomAv": "Airbus A320",
            "CapAv": "270",
            "VilleAv": "Paris"
        },
        "Pilote": {
            "NumPil": "5070",
            "NomPil": "Legrand",
            "NaisPil": "1945",
            "VillePil": "Toulon"
        },
        "Clients": []
    },
    "V215": {
        "NumVol": "V215",
        "VilleD": "Paris",
        "VilleA": "Pekin",
        "DateD": "9/04/07",
        "HD Time": "17:00",
        "DateA": "10/04/07",
        "HAtime": "5:07",
        "Avion": {
            "NumAv": "525",
            "NomAv": "Airbus A320",
            "CapAv": "270",
            "VilleAv": "Paris"
        },
        "Pilote": {
            "NumPil": "5070",
            "NomPil": "Legrand",
            "NaisPil": "1945",
            "VillePil": "Toulon"
        },
        "Clients": []
    },
    "V216": {
        "NumVol": "V216",
        "VilleD": "Paris",
        "VilleA": "Pekin",
        "DateD": "11/04/07",
        "HD Time": "17:00",
        "DateA": "12/04/07",
        "HAtime": "5:07",
        "Avion": {
            "NumAv": "525",
            "NomAv": "Airbus A320",
            "CapAv": "270",
            "VilleAv": "Paris"
        },
        "Pilote": {
            "NumPil": "5070",
            "NomPil": "Legrand",
            "NaisPil": "1945",
            "VillePil": "Toulon"
        },
        "Clients": []
    },
    "V217": {
        "NumVol": "V217",
        "VilleD": "Paris",
        "VilleA": "Pekin",
        "DateD": "13/04/07",
        "HD Time": "17:00",
        "DateA": "14/04/07",
        "HAtime": "5:07",
        "Avion": {
            "NumAv": "525",
            "NomAv": "Airbus A320",
            "CapAv": "270",
            "VilleAv": "Paris"
        },
        "Pilote": {
            "NumPil": "5070",
            "NomPil": "Legrand",
            "NaisPil": "1945",
            "VillePil": "Toulon"
        },
        "Clients": []
    },
    "V218": {
        "NumVol": "V218",
        "VilleD": "Paris",
        "VilleA": "Pekin",
        "DateD": "15/04/07",
        "HD Time": "17:00",
        "DateA": "16/04/07",
        "HAtime": "5:07",
        "Avion": {
            "NumAv": "525",
            "NomAv": "Airbus A320",
            "CapAv": "270",
            "VilleAv": "Paris"
        },
        "Pilote": {
            "NumPil": "5070",
            "NomPil": "Legrand",
            "NaisPil": "1945",
            "VillePil": "Toulon"
        },
        "Clients": []
    },
    "V219": {
        "NumVol": "V219",
        "VilleD": "Paris",
        "VilleA": "Pekin",
        "DateD": "17/04/07",
        "HD Time": "17:00",
        "DateA": "18/04/07",
        "HAtime": "5:07",
        "Avion": {
            "NumAv": "525",
            "NomAv": "Airbus A320",
            "CapAv": "270",
            "VilleAv": "Paris"
        },
        "Pilote": {
            "NumPil": "5070",
            "NomPil": "Legrand",
            "NaisPil": "1945",
            "VillePil": "Toulon"
        },
        "Clients": []
    },
    "V220": {
        "NumVol": "V220",
        "VilleD": "Paris",
        "VilleA": "Pekin",
        "DateD": "19/04/07",
        "HD Time": "17:00",
        "DateA": "20/04/07",
        "HAtime": "5:07",
        "Avion": {
            "NumAv": "525",
            "NomAv": "Airbus A320",
            "CapAv": "270",
            "VilleAv": "Paris"
        },
        "Pilote": {
            "NumPil": "5070",
            "NomPil": "Legrand",
            "NaisPil": "1945",
            "VillePil": "Toulon"
        },
        "Clients": []
    },
    "V221": {
        "NumVol": "V221",
        "VilleD": "Paris",
        "VilleA": "Pekin",
        "DateD": "21/04/07",
        "HD Time": "17:00",
        "DateA": "22/04/07",
        "HAtime": "5:07",
        "Avion": {
            "NumAv": "525",
            "NomAv": "Airbus A320",
            "CapAv": "270",
            "VilleAv": "Paris"
        },
        "Pilote": {
            "NumPil": "5070",
            "NomPil": "Legrand",
            "NaisPil": "1945",
            "VillePil": "Toulon"
        },
        "Clients": []
    },
    "V222": {
        "NumVol": "V222",
        "VilleD": "Paris",
        "VilleA": "Pekin",
        "DateD": "23/04/07",
        "HD Time": "17:00",
        "DateA": "24/04/07",
        "HAtime": "5:07",
        "Avion": {
            "NumAv": "525",
            "NomAv": "Airbus A320",
            "CapAv": "270",
            "VilleAv": "Paris"
        },
        "Pilote": {
            "NumPil": "5070",
            "NomPil": "Legrand",
            "NaisPil": "1945",
            "VillePil": "Toulon"
        },
        "Clients": []
    },
    "V223": {
        "NumVol": "V223",
        "VilleD": "Paris",
        "VilleA": "Pekin",
        "DateD": "25/04/07",
        "HD Time": "17:00",
        "DateA": "26/04/07",
        "HAtime": "5:07",
        "Avion": {
            "NumAv": "525",
            "NomAv": "Airbus A320",
            "CapAv": "270",
            "VilleAv": "Paris"
        },
        "Pilote": {
            "NumPil": "5070",
            "NomPil": "Legrand",
            "NaisPil": "1945",
            "VillePil": "Toulon"
        },
        "Clients": []
    },
    "V224": {
        "NumVol": "V224",
        "VilleD": "Paris",
        "VilleA": "Pekin",
        "DateD": "27/04/07",
        "HD Time": "17:00",
        "DateA": "28/04/07",
        "HAtime": "5:07",
        "Avion": {
            "NumAv": "525",
            "NomAv": "Airbus A320",
            "CapAv": "270",
            "VilleAv": "Paris"
        },
        "Pilote": {
            "NumPil": "5070",
            "NomPil": "Legrand",
            "NaisPil": "1945",
            "VillePil": "Toulon"
        },
        "Clients": []
    },
    "V265": {
        "NumVol": "V265",
        "VilleD": "Paris",
        "VilleA": "Marseille",
        "DateD": "15/04/07",
        "HD Time": "8:10",
        "DateA": "15/04/07",
        "HAtime": "9:10",
        "Avion": {
            "NumAv": "715",
            "NomAv": "Airbus A310",
            "CapAv": "150",
            "VilleAv": "Ajaccio"
        },
        "Pilote": {
            "NumPil": "4000",
            "NomPil": "Duparc",
            "NaisPil": "1955",
            "VillePil": "Nice"
        },
        "Clients": []
    },
    "V350": {
        "NumVol": "V350",
        "VilleD": "Marseille",
        "VilleA": "Paris",
        "DateD": "10/04/07",
        "HD Time": "8:10",
        "DateA": "10/04/07",
        "HAtime": "9:10",
        "Avion": {
            "NumAv": "415",
            "NomAv": "Airbus A330",
            "CapAv": "350",
            "VilleAv": "Nice"
        },
        "Pilote": {
            "NumPil": "4000",
            "NomPil": "Duparc",
            "NaisPil": "1955",
            "VillePil": "Nice"
        },
        "Clients": []
    },
    "V351": {
        "NumVol": "V351",
        "VilleD": "Marseille",
        "VilleA": "Paris",
        "DateD": "11/04/07",
        "HD Time": "8:10",
        "DateA": "11/04/07",
        "HAtime": "9:10",
        "Avion": {
            "NumAv": "415",
            "NomAv": "Airbus A330",
            "CapAv": "350",
            "VilleAv": "Nice"
        },
        "Pilote": {
            "NumPil": "4000",
            "NomPil": "Duparc",
            "NaisPil": "1955",
            "VillePil": "Nice"
        },
        "Clients": []
    },
    "V420": {
        "NumVol": "V420",
        "VilleD": "Nantes",
        "VilleA": "Paris",
        "DateD": "20/04/07",
        "HD Time": "8:00",
        "DateA": "20/04/07",
        "HAtime": "9:10",
        "Avion": {
            "NumAv": "140",
            "NomAv": "Boeing 727",
            "CapAv": "150",
            "VilleAv": "Strasbourg"
        },
        "Pilote": {
            "NumPil": "3321",
            "NomPil": "Delacroix",
            "NaisPil": "1957",
            "VillePil": "Paris"
        },
        "Clients": []
    },
    "V501": {
        "NumVol": "V501",
        "VilleD": "Marseille",
        "VilleA": "NewYork",
        "DateD": "1/04/07",
        "HD Time": "8:30",
        "DateA": "1/04/07",
        "HAtime": "10:40",
        "Avion": {
            "NumAv": "240",
            "NomAv": "Boeing 737",
            "CapAv": "300",
            "VilleAv": "Paris"
        },
        "Pilote": {
            "NumPil": "5060",
            "NomPil": "Ledru",
            "NaisPil": "1959",
            "VillePil": "Nice"
        },
        "Clients": []
    },
    "V502": {
        "NumVol": "V502",
        "VilleD": "Marseille",
        "VilleA": "NewYork",
        "DateD": "2/04/07",
        "HD Time": "8:30",
        "DateA": "2/04/07",
        "HAtime": "10:40",
        "Avion": {
            "NumAv": "240",
            "NomAv": "Boeing 737",
            "CapAv": "300",
            "VilleAv": "Paris"
        },
        "Pilote": {
            "NumPil": "5060",
            "NomPil": "Ledru",
            "NaisPil": "1959",
            "VillePil": "Nice"
        },
        "Clients": []
    },
    "V503": {
        "NumVol": "V503",
        "VilleD": "Marseille",
        "VilleA": "NewYork",
        "DateD": "3/04/07",
        "HD Time": "8:30",
        "DateA": "3/04/07",
        "HAtime": "10:40",
        "Avion": {
            "NumAv": "240",
            "NomAv": "Boeing 737",
            "CapAv": "300",
            "VilleAv": "Paris"
        },
        "Pilote": {
            "NumPil": "5060",
            "NomPil": "Ledru",
            "NaisPil": "1959",
            "VillePil": "Nice"
        },
        "Clients": []
    },
    "V504": {
        "NumVol": "V504",
        "VilleD": "Marseille",
        "VilleA": "NewYork",
        "DateD": "4/04/07",
        "HD Time": "8:30",
        "DateA": "4/04/07",
        "HAtime": "10:40",
        "Avion": {
            "NumAv": "240",
            "NomAv": "Boeing 737",
            "CapAv": "300",
            "VilleAv": "Paris"
        },
        "Pilote": {
            "NumPil": "5060",
            "NomPil": "Ledru",
            "NaisPil": "1959",
            "VillePil": "Nice"
        },
        "Clients": []
    },
    "V505": {
        "NumVol": "V505",
        "VilleD": "Marseille",
        "VilleA": "NewYork",
        "DateD": "5/04/07",
        "HD Time": "8:30",
        "DateA": "5/04/07",
        "HAtime": "10:40",
        "Avion": {
            "NumAv": "240",
            "NomAv": "Boeing 737",
            "CapAv": "300",
            "VilleAv": "Paris"
        },
        "Pilote": {
            "NumPil": "5060",
            "NomPil": "Ledru",
            "NaisPil": "1959",
            "VillePil": "Nice"
        },
        "Clients": []
    },
    "V506": {
        "NumVol": "V506",
        "VilleD": "Marseille",
        "VilleA": "NewYork",
        "DateD": "6/04/07",
        "HD Time": "8:30",
        "DateA": "6/04/07",
        "HAtime": "10:40",
        "Avion": {
            "NumAv": "240",
            "NomAv": "Boeing 737",
            "CapAv": "300",
            "VilleAv": "Paris"
        },
        "Pilote": {
            "NumPil": "5060",
            "NomPil": "Ledru",
            "NaisPil": "1959",
            "VillePil": "Nice"
        },
        "Clients": []
    },
    "V507": {
        "NumVol": "V507",
        "VilleD": "Marseille",
        "VilleA": "NewYork",
        "DateD": "7/04/07",
        "HD Time": "8:30",
        "DateA": "7/04/07",
        "HAtime": "10:40",
        "Avion": {
            "NumAv": "240",
            "NomAv": "Boeing 737",
            "CapAv": "300",
            "VilleAv": "Paris"
        },
        "Pilote": {
            "NumPil": "5060",
            "NomPil": "Ledru",
            "NaisPil": "1959",
            "VillePil": "Nice"
        },
        "Clients": []
    },
    "V508": {
        "NumVol": "V508",
        "VilleD": "Marseille",
        "VilleA": "NewYork",
        "DateD": "8/04/07",
        "HD Time": "8:30",
        "DateA": "8/04/07",
        "HAtime": "10:40",
        "Avion": {
            "NumAv": "240",
            "NomAv": "Boeing 737",
            "CapAv": "300",
            "VilleAv": "Paris"
        },
        "Pilote": {
            "NumPil": "5060",
            "NomPil": "Ledru",
            "NaisPil": "1959",
            "VillePil": "Nice"
        },
        "Clients": []
    },
    "V509": {
        "NumVol": "V509",
        "VilleD": "Marseille",
        "VilleA": "NewYork",
        "DateD": "9/04/07",
        "HD Time": "8:30",
        "DateA": "9/04/07",
        "HAtime": "10:40",
        "Avion": {
            "NumAv": "240",
            "NomAv": "Boeing 737",
            "CapAv": "300",
            "VilleAv": "Paris"
        },
        "Pilote": {
            "NumPil": "5060",
            "NomPil": "Ledru",
            "NaisPil": "1959",
            "VillePil": "Nice"
        },
        "Clients": []
    },
    "V510": {
        "NumVol": "V510",
        "VilleD": "Marseille",
        "VilleA": "NewYork",
        "DateD": "10/04/07",
        "HD Time": "8:30",
        "DateA": "10/04/07",
        "HAtime": "10:40",
        "Avion": {
            "NumAv": "240",
            "NomAv": "Boeing 737",
            "CapAv": "300",
            "VilleAv": "Paris"
        },
        "Pilote": {
            "NumPil": "5060",
            "NomPil": "Ledru",
            "NaisPil": "1959",
            "VillePil": "Nice"
        },
        "Clients": []
    },
    "V511": {
        "NumVol": "V511",
        "VilleD": "Marseille",
        "VilleA": "NewYork",
        "DateD": "11/04/07",
        "HD Time": "8:30",
        "DateA": "11/04/07",
        "HAtime": "10:40",
        "Avion": {
            "NumAv": "240",
            "NomAv": "Boeing 737",
            "CapAv": "300",
            "VilleAv": "Paris"
        },
        "Pilote": {
            "NumPil": "5060",
            "NomPil": "Ledru",
            "NaisPil": "1959",
            "VillePil": "Nice"
        },
        "Clients": []
    },
    "V512": {
        "NumVol": "V512",
        "VilleD": "Marseille",
        "VilleA": "NewYork",
        "DateD": "12/04/07",
        "HD Time": "8:30",
        "DateA": "12/04/07",
        "HAtime": "10:40",
        "Avion": {
            "NumAv": "240",
            "NomAv": "Boeing 737",
            "CapAv": "300",
            "VilleAv": "Paris"
        },
        "Pilote": {
            "NumPil": "5060",
            "NomPil": "Ledru",
            "NaisPil": "1959",
            "VillePil": "Nice"
        },
        "Clients": []
    },
    "V513": {
        "NumVol": "V513",
        "VilleD": "Marseille",
        "VilleA": "NewYork",
        "DateD": "13/04/07",
        "HD Time": "8:30",
        "DateA": "13/04/07",
        "HAtime": "10:40",
        "Avion": {
            "NumAv": "240",
            "NomAv": "Boeing 737",
            "CapAv": "300",
            "VilleAv": "Paris"
        },
        "Pilote": {
            "NumPil": "5060",
            "NomPil": "Ledru",
            "NaisPil": "1959",
            "VillePil": "Nice"
        },
        "Clients": []
    },
    "V514": {
        "NumVol": "V514",
        "VilleD": "Marseille",
        "VilleA": "NewYork",
        "DateD": "14/04/07",
        "HD Time": "8:30",
        "DateA": "14/04/07",
        "HAtime": "10:40",
        "Avion": {
            "NumAv": "240",
            "NomAv": "Boeing 737",
            "CapAv": "300",
            "VilleAv": "Paris"
        },
        "Pilote": {
            "NumPil": "5060",
            "NomPil": "Ledru",
            "NaisPil": "1959",
            "VillePil": "Nice"
        },
        "Clients": []
    },
    "V515": {
        "NumVol": "V515",
        "VilleD": "Marseille",
        "VilleA": "NewYork",
        "DateD": "15/04/07",
        "HD Time": "8:30",
        "DateA": "15/04/07",
        "HAtime": "10:40",
        "Avion": {
            "NumAv": "240",
            "NomAv": "Boeing 737",
            "CapAv": "300",
            "VilleAv": "Paris"
        },
        "Pilote": {
            "NumPil": "5060",
            "NomPil": "Ledru",
            "NaisPil": "1959",
            "VillePil": "Nice"
        },
        "Clients": []
    },
    "V516": {
        "NumVol": "V516",
        "VilleD": "Marseille",
        "VilleA": "NewYork",
        "DateD": "16/04/07",
        "HD Time": "8:30",
        "DateA": "16/04/07",
        "HAtime": "10:40",
        "Avion": {
            "NumAv": "240",
            "NomAv": "Boeing 737",
            "CapAv": "300",
            "VilleAv": "Paris"
        },
        "Pilote": {
            "NumPil": "5060",
            "NomPil": "Ledru",
            "NaisPil": "1959",
            "VillePil": "Nice"
        },
        "Clients": []
    },
    "V517": {
        "NumVol": "V517",
        "VilleD": "Marseille",
        "VilleA": "NewYork",
        "DateD": "17/04/07",
        "HD Time": "8:30",
        "DateA": "17/04/07",
        "HAtime": "10:40",
        "Avion": {
            "NumAv": "240",
            "NomAv": "Boeing 737",
            "CapAv": "300",
            "VilleAv": "Paris"
        },
        "Pilote": {
            "NumPil": "5060",
            "NomPil": "Ledru",
            "NaisPil": "1959",
            "VillePil": "Nice"
        },
        "Clients": []
    },
    "V518": {
        "NumVol": "V518",
        "VilleD": "Marseille",
        "VilleA": "NewYork",
        "DateD": "18/04/07",
        "HD Time": "8:30",
        "DateA": "18/04/07",
        "HAtime": "10:40",
        "Avion": {
            "NumAv": "240",
            "NomAv": "Boeing 737",
            "CapAv": "300",
            "VilleAv": "Paris"
        },
        "Pilote": {
            "NumPil": "5060",
            "NomPil": "Ledru",
            "NaisPil": "1959",
            "VillePil": "Nice"
        },
        "Clients": []
    },
    "V519": {
        "NumVol": "V519",
        "VilleD": "Marseille",
        "VilleA": "NewYork",
        "DateD": "19/04/07",
        "HD Time": "8:30",
        "DateA": "19/04/07",
        "HAtime": "10:40",
        "Avion": {
            "NumAv": "240",
            "NomAv": "Boeing 737",
            "CapAv": "300",
            "VilleAv": "Paris"
        },
        "Pilote": {
            "NumPil": "5060",
            "NomPil": "Ledru",
            "NaisPil": "1959",
            "VillePil": "Nice"
        },
        "Clients": []
    },
    "V520": {
        "NumVol": "V520",
        "VilleD": "Marseille",
        "VilleA": "NewYork",
        "DateD": "20/04/07",
        "HD Time": "8:30",
        "DateA": "20/04/07",
        "HAtime": "10:40",
        "Avion": {
            "NumAv": "240",
            "NomAv": "Boeing 737",
            "CapAv": "300",
            "VilleAv": "Paris"
        },
        "Pilote": {
            "NumPil": "5060",
            "NomPil": "Ledru",
            "NaisPil": "1959",
            "VillePil": "Nice"
        },
        "Clients": []
    },
    "V521": {
        "NumVol": "V521",
        "VilleD": "Marseille",
        "VilleA": "NewYork",
        "DateD": "21/04/07",
        "HD Time": "8:30",
        "DateA": "21/04/07",
        "HAtime": "10:40",
        "Avion": {
            "NumAv": "240",
            "NomAv": "Boeing 737",
            "CapAv": "300",
            "VilleAv": "Paris"
        },
        "Pilote": {
            "NumPil": "5060",
            "NomPil": "Ledru",
            "NaisPil": "1959",
            "VillePil": "Nice"
        },
        "Clients": []
    },
    "V522": {
        "NumVol": "V522",
        "VilleD": "Marseille",
        "VilleA": "NewYork",
        "DateD": "22/04/07",
        "HD Time": "8:30",
        "DateA": "22/04/07",
        "HAtime": "10:40",
        "Avion": {
            "NumAv": "240",
            "NomAv": "Boeing 737",
            "CapAv": "300",
            "VilleAv": "Paris"
        },
        "Pilote": {
            "NumPil": "5060",
            "NomPil": "Ledru",
            "NaisPil": "1959",
            "VillePil": "Nice"
        },
        "Clients": []
    },
    "V523": {
        "NumVol": "V523",
        "VilleD": "Marseille",
        "VilleA": "NewYork",
        "DateD": "23/04/07",
        "HD Time": "8:30",
        "DateA": "23/04/07",
        "HAtime": "10:40",
        "Avion": {
            "NumAv": "240",
            "NomAv": "Boeing 737",
            "CapAv": "300",
            "VilleAv": "Paris"
        },
        "Pilote": {
            "NumPil": "5060",
            "NomPil": "Ledru",
            "NaisPil": "1959",
            "VillePil": "Nice"
        },
        "Clients": []
    }
}