{
    "V524": {
        "NumVol": "V524",
        "VilleD": "Marseille",
        "VilleA": "NewYork",
        "DateD": "24/04/07",
        "HD Time": "8:30",
        "DateA": "24/04/07",
        "HAtime": "10:40",
        "Avion": {
            "NumAv": "240",
            "NomAv": "Boeing 737",
            "CapAv": "300",
            "VilleAv": "Paris"
        },
        "Pilote": {
            "NumPil": "5060",
            "NomPil": "Ledru",
            "NaisPil": "1959",
            "VillePil": "Nice"
        },
        "Clients": []
    },
    "V525": {
        "NumVol": "V525",
        "VilleD": "Marseille",
        "VilleA": "NewYork",
        "DateD": "25/04/07",
        "HD Time": "8:30",
        "DateA": "25/04/07",
        "HAtime": "10:40",
        "Avion": {
            "NumAv": "240",
            "NomAv": "Boeing 737",
            "CapAv": "300",
            "VilleAv": "Paris"
        },
        "Pilote": {
            "NumPil": "5060",
            "NomPil": "Ledru",
            "NaisPil": "1959",
            "VillePil": "Nice"
        },
        "Clients": []
    },
    "V526": {
        "NumVol": "V526",
        "VilleD": "Marseille",
        "VilleA": "NewYork",
        "DateD": "26/04/07",
        "HD Time": "8:30",
        "DateA": "26/04/07",
        "HAtime": "10:40",
        "Avion": {
            "NumAv": "240",
            "NomAv": "Boeing 737",
            "CapAv": "300",
            "VilleAv": "Paris"
        },
        "Pilote": {
            "NumPil": "5060",
            "NomPil": "Ledru",
            "NaisPil": "1959",
            "VillePil": "Nice"
        },
        "Clients": []
    },
    "V527": {
        "NumVol": "V527",
        "VilleD": "Marseille",
        "VilleA": "NewYork",
        "DateD": "27/04/07",
        "HD Time": "8:30",
        "DateA": "27/04/07",
        "HAtime": "10:40",
        "Avion": {
            "NumAv": "240",
            "NomAv": "Boeing 737",
            "CapAv": "300",
            "VilleAv": "Paris"
        },
        "Pilote": {
            "NumPil": "5060",
            "NomPil": "Ledru",
            "NaisPil": "1959",
            "VillePil": "Nice"
        },
        "Clients": []
    },
    "V528": {
        "NumVol": "V528",
        "VilleD": "Marseille",
        "VilleA": "NewYork",
        "DateD": "28/04/07",
        "HD Time": "8:30",
        "DateA": "28/04/07",
        "HAtime": "10:40",
        "Avion": {
            "NumAv": "240",
            "NomAv": "Boeing 737",
            "CapAv": "300",
            "VilleAv": "Paris"
        },
        "Pilote": {
            "NumPil": "5060",
            "NomPil": "Ledru",
            "NaisPil": "1959",
            "VillePil": "Nice"
        },
        "Clients": []
    },
    "V529": {
        "NumVol": "V529",
        "VilleD": "Marseille",
        "VilleA": "NewYork",
        "DateD": "29/04/07",
        "HD Time": "8:30",
        "DateA": "29/04/07",
        "HAtime": "10:40",
        "Avion": {
            "NumAv": "240",
            "NomAv": "Boeing 737",
            "CapAv": "300",
            "VilleAv": "Paris"
        },
        "Pilote": {
            "NumPil": "5060",
            "NomPil": "Ledru",
            "NaisPil": "1959",
            "VillePil": "Nice"
        },
        "Clients": []
    },
    "V530": {
        "NumVol": "V530",
        "VilleD": "Marseille",
        "VilleA": "NewYork",
        "DateD": "30/04/07",
        "HD Time": "8:30",
        "DateA": "30/04/07",
        "HAtime": "10:40",
        "Avion": {
            "NumAv": "240",
            "NomAv": "Boeing 737",
            "CapAv": "300",
            "VilleAv": "Paris"
        },
        "Pilote": {
            "NumPil": "5060",
            "NomPil": "Ledru",
            "NaisPil": "1959",
            "VillePil": "Nice"
        },
        "Clients": []
    },
    "V601": {
        "NumVol": "V601",
        "VilleD": "Ajaccio",
        "VilleA": "Marseille",
        "DateD": "1/04/07",
        "HD Time": "18:00",
        "DateA": "1/04/07",
        "HAtime": "19:40",
        "Avion": {
            "NumAv": "840",
            "NomAv": "Boeing 727",
            "CapAv": "150",
            "VilleAv": "Montpellier"
        },
        "Pilote": {
            "NumPil": "3687",
            "NomPil": "Delalande",
            "NaisPil": "1966",
            "VillePil": "Nice"
        },
        "Clients": [
            {
                "NumClient": "1011",
                "NomClient": "Richet",
                "NombrePlaces": "1",
                "Classe": "Business"
            },
            {
                "NumClient": "1013",
                "NomClient": "Sully",
                "NombrePlaces": "1",
                "Classe": "Business"
            },
            {
                "NumClient": "1020",
                "NomClient": "Gide",
                "NombrePlaces": "1",
                "Classe": "Business"
            },
            {
                "NumClient": "1022",
                "NomClient": "Passy",
                "NombrePlaces": "3",
                "Classe": "Business"
            },
            {
                "NumClient": "1027",
                "NomClient": "Lorentz",
                "NombrePlaces": "1",
                "Classe": "Business"
            },
            {
                "NumClient": "1001",
                "NomClient": "Becquerel",
                "NombrePlaces": "6",
                "Classe": "Economique"
            },
            {
                "NumClient": "1005",
                "NomClient": "Moissan",
                "NombrePlaces": "5",
                "Classe": "Economique"
            },
            {
                "NumClient": "1006",
                "NomClient": "Grignard",
                "NombrePlaces": "3",
                "Classe": "Economique"
            }
        ]
    },
    "V602": {
        "NumVol": "V602",
        "VilleD": "Ajaccio",
        "VilleA": "Marseille",
        "DateD": "2/04/07",
        "HD Time": "18:00",
        "DateA": "2/04/07",
        "HAtime": "19:40",
        "Avion": {
            "NumAv": "840",
            "NomAv": "Boeing 727",
            "CapAv": "150",
            "VilleAv": "Montpellier"
        },
        "Pilote": {
            "NumPil": "3687",
            "NomPil": "Delalande",
            "NaisPil": "1966",
            "VillePil": "Nice"
        },
        "Clients": []
    },
    "V603": {
        "NumVol": "V603",
        "VilleD": "Ajaccio",
        "VilleA": "Marseille",
        "DateD": "3/04/07",
        "HD Time": "18:00",
        "DateA": "3/04/07",
        "HAtime": "19:40",
        "Avion": {
            "NumAv": "840",
            "NomAv": "Boeing 727",
            "CapAv": "150",
            "VilleAv": "Montpellier"
        },
        "Pilote": {
            "NumPil": "3687",
            "NomPil": "Delalande",
            "NaisPil": "1966",
            "VillePil": "Nice"
        },
        "Clients": []
    },
    "V604": {
        "NumVol": "V604",
        "VilleD": "Ajaccio",
        "VilleA": "Marseille",
        "DateD": "4/04/07",
        "HD Time": "18:00",
        "DateA": "4/04/07",
        "HAtime": "19:40",
        "Avion": {
            "NumAv": "840",
            "NomAv": "Boeing 727",
            "CapAv": "150",
            "VilleAv": "Montpellier"
        },
        "Pilote": {
            "NumPil": "3687",
            "NomPil": "Delalande",
            "NaisPil": "1966",
            "VillePil": "Nice"
        },
        "Clients": []
    },
    "V605": {
        "NumVol": "V605",
        "VilleD": "Ajaccio",
        "VilleA": "Marseille",
        "DateD": "5/04/07",
        "HD Time": "18:00",
        "DateA": "5/04/07",
        "HAtime": "19:40",
        "Avion": {
            "NumAv": "840",
            "NomAv": "Boeing 727",
            "CapAv": "150",
            "VilleAv": "Montpellier"
        },
        "Pilote": {
            "NumPil": "3687",
            "NomPil": "Delalande",
            "NaisPil": "1966",
            "VillePil": "Nice"
        },
        "Clients": []
    },
    "V606": {
        "NumVol": "V606",
        "VilleD": "Ajaccio",
        "VilleA": "Marseille",
        "DateD": "6/04/07",
        "HD Time": "18:00",
        "DateA": "6/04/07",
        "HAtime": "19:40",
        "Avion": {
            "NumAv": "840",
            "NomAv": "Boeing 727",
            "CapAv": "150",
            "VilleAv": "Montpellier"
        },
        "Pilote": {
            "NumPil": "3687",
            "NomPil": "Delalande",
            "NaisPil": "1966",
            "VillePil": "Nice"
        },
        "Clients": []
    },
    "V607": {
        "NumVol": "V607",
        "VilleD": "Ajaccio",
        "VilleA": "Marseille",
        "DateD": "7/04/07",
        "HD Time": "18:00",
        "DateA": "7/04/07",
        "HAtime": "19:40",
        "Avion": {
            "NumAv": "840",
            "NomAv": "Boeing 727",
            "CapAv": "150",
            "VilleAv": "Montpellier"
        },
        "Pilote": {
            "NumPil": "3687",
            "NomPil": "Delalande",
            "NaisPil": "1966",
            "VillePil": "Nice"
        },
        "Clients": []
    },
    "V608": {
        "NumVol": "V608",
        "VilleD": "Ajaccio",
        "VilleA": "Marseille",
        "DateD": "8/04/07",
        "HD Time": "18:00",
        "DateA": "8/04/07",
        "HAtime": "19:40",
        "Avion": {
            "NumAv": "840",
            "NomAv": "Boeing 727",
            "CapAv": "150",
            "VilleAv": "Montpellier"
        },
        "Pilote": {
            "NumPil": "3687",
            "NomPil": "Delalande",
            "NaisPil": "1966",
            "VillePil": "Nice"
        },
        "Clients": []
    },
    "V609": {
        "NumVol": "V609",
        "VilleD": "Ajaccio",
        "VilleA": "Marseille",
        "DateD": "9/04/07",
        "HD Time": "18:00",
        "DateA": "9/04/07",
        "HAtime": "19:40",
        "Avion": {
            "NumAv": "840",
            "NomAv": "Boeing 727",
            "CapAv": "150",
            "VilleAv": "Montpellier"
        },
        "Pilote": {
            "NumPil": "3687",
            "NomPil": "Delalande",
            "NaisPil": "1966",
            "VillePil": "Nice"
        },
        "Clients": []
    },
    "V610": {
        "NumVol": "V610",
        "VilleD": "Ajaccio",
        "VilleA": "Marseille",
        "DateD": "10/04/07",
        "HD Time": "18:00",
        "DateA": "10/04/07",
        "HAtime": "19:40",
        "Avion": {
            "NumAv": "840",
            "NomAv": "Boeing 727",
            "CapAv": "150",
            "VilleAv": "Montpellier"
        },
        "Pilote": {
            "NumPil": "3687",
            "NomPil": "Delalande",
            "NaisPil": "1966",
            "VillePil": "Nice"
        },
        "Clients": []
    },
    "V611": {
        "NumVol": "V611",
        "VilleD": "Ajaccio",
        "VilleA": "Marseille",
        "DateD": "11/04/07",
        "HD Time": "18:00",
        "DateA": "11/04/07",
        "HAtime": "19:40",
        "Avion": {
            "NumAv": "840",
            "NomAv": "Boeing 727",
            "CapAv": "150",
            "VilleAv": "Montpellier"
        },
        "Pilote": {
            "NumPil": "3687",
            "NomPil": "Delalande",
            "NaisPil": "1966",
            "VillePil": "Nice"
        },
        "Clients": []
    },
    "V612": {
        "NumVol": "V612",
        "VilleD": "Ajaccio",
        "VilleA": "Marseille",
        "DateD": "12/04/07",
        "HD Time": "18:00",
        "DateA": "12/04/07",
        "HAtime": "19:40",
        "Avion": {
            "NumAv": "840",
            "NomAv": "Boeing 727",
            "CapAv": "150",
            "VilleAv": "Montpellier"
        },
        "Pilote": {
            "NumPil": "3687",
            "NomPil": "Delalande",
            "NaisPil": "1966",
            "VillePil": "Nice"
        },
        "Clients": []
    },
    "V613": {
        "NumVol": "V613",
        "VilleD": "Ajaccio",
        "VilleA": "Marseille",
        "DateD": "13/04/07",
        "HD Time": "18:00",
        "DateA": "13/04/07",
        "HAtime": "19:40",
        "Avion": {
            "NumAv": "840",
            "NomAv": "Boeing 727",
            "CapAv": "150",
            "VilleAv": "Montpellier"
        },
        "Pilote": {
            "NumPil": "3687",
            "NomPil": "Delalande",
            "NaisPil": "1966",
            "VillePil": "Nice"
        },
        "Clients": []
    },
    "V614": {
        "NumVol": "V614",
        "VilleD": "Ajaccio",
        "VilleA": "Marseille",
        "DateD": "14/04/07",
        "HD Time": "18:00",
        "DateA": "14/04/07",
        "HAtime": "19:40",
        "Avion": {
            "NumAv": "840",
            "NomAv": "Boeing 727",
            "CapAv": "150",
            "VilleAv": "Montpellier"
        },
        "Pilote": {
            "NumPil": "3687",
            "NomPil": "Delalande",
            "NaisPil": "1966",
            "VillePil": "Nice"
        },
        "Clients": []
    },
    "V615": {
        "NumVol": "V615",
        "VilleD": "Ajaccio",
        "VilleA": "Marseille",
        "DateD": "15/04/07",
        "HD Time": "18:00",
        "DateA": "15/04/07",
        "HAtime": "19:40",
        "Avion": {
            "NumAv": "840",
            "NomAv": "Boeing 727",
            "CapAv": "150",
            "VilleAv": "Montpellier"
        },
        "Pilote": {
            "NumPil": "3687",
            "NomPil": "Delalande",
            "NaisPil": "1966",
            "VillePil": "Nice"
        },
        "Clients": []
    },
    "V616": {
        "NumVol": "V616",
        "VilleD": "Ajaccio",
        "VilleA": "Marseille",
        "DateD": "16/04/07",
        "HD Time": "18:00",
        "DateA": "16/04/07",
        "HAtime": "19:40",
        "Avion": {
            "NumAv": "840",
            "NomAv": "Boeing 727",
            "CapAv": "150",
            "VilleAv": "Montpellier"
        },
        "Pilote": {
            "NumPil": "3687",
            "NomPil": "Delalande",
            "NaisPil": "1966",
            "VillePil": "Nice"
        },
        "Clients": []
    },
    "V617": {
        "NumVol": "V617",
        "VilleD": "Ajaccio",
        "VilleA": "Marseille",
        "DateD": "17/04/07",
        "HD Time": "18:00",
        "DateA": "17/04/07",
        "HAtime": "19:40",
        "Avion": {
            "NumAv": "840",
            "NomAv": "Boeing 727",
            "CapAv": "150",
            "VilleAv": "Montpellier"
        },
        "Pilote": {
            "NumPil": "3687",
            "NomPil": "Delalande",
            "NaisPil": "1966",
            "VillePil": "Nice"
        },
        "Clients": []
    },
    "V618": {
        "NumVol": "V618",
        "VilleD": "Ajaccio",
        "VilleA": "Marseille",
        "DateD": "18/04/07",
        "HD Time": "18:00",
        "DateA": "18/04/07",
        "HAtime": "19:40",
        "Avion": {
            "NumAv": "840",
            "NomAv": "Boeing 727",
            "CapAv": "150",
            "VilleAv": "Montpellier"
        },
        "Pilote": {
            "NumPil": "3687",
            "NomPil": "Delalande",
            "NaisPil": "1966",
            "VillePil": "Nice"
        },
        "Clients": []
    },
    "V619": {
        "NumVol": "V619",
        "VilleD": "Ajaccio",
        "VilleA": "Marseille",
        "DateD": "19/04/07",
        "HD Time": "18:00",
        "DateA": "19/04/07",
        "HAtime": "19:40",
        "Avion": {
            "NumAv": "840",
            "NomAv": "Boeing 727",
            "CapAv": "150",
            "VilleAv": "Montpellier"
        },
        "Pilote": {
            "NumPil": "3687",
            "NomPil": "Delalande",
            "NaisPil": "1966",
            "VillePil": "Nice"
        },
        "Clients": []
    },
    "V620": {
        "NumVol": "V620",
        "VilleD": "Ajaccio",
        "VilleA": "Marseille",
        "DateD": "20/04/07",
        "HD Time": "18:00",
        "DateA": "20/04/07",
        "HAtime": "19:40",
        "Avion": {
            "NumAv": "840",
            "NomAv": "Boeing 727",
            "CapAv": "150",
            "VilleAv": "Montpellier"
        },
        "Pilote": {
            "NumPil": "3687",
            "NomPil": "Delalande",
            "NaisPil": "1966",
            "VillePil": "Nice"
        },
        "Clients": []
    },
    "V621": {
        "NumVol": "V621",
        "VilleD": "Ajaccio",
        "VilleA": "Marseille",
        "DateD": "21/04/07",
        "HD Time": "18:00",
        "DateA": "21/04/07",
        "HAtime": "19:40",
        "Avion": {
            "NumAv": "840",
            "NomAv": "Boeing 727",
            "CapAv": "150",
            "VilleAv": "Montpellier"
        },
        "Pilote": {
            "NumPil": "3687",
            "NomPil": "Delalande",
            "NaisPil": "1966",
            "VillePil": "Nice"
        },
        "Clients": []
    },
    "V622": {
        "NumVol": "V622",
        "VilleD": "Ajaccio",
        "VilleA": "Marseille",
        "DateD": "22/04/07",
        "HD Time": "18:00",
        "DateA": "22/04/07",
        "HAtime": "19:40",
        "Avion": {
            "NumAv": "840",
            "NomAv": "Boeing 727",
            "CapAv": "150",
            "VilleAv": "Montpellier"
        },
        "Pilote": {
            "NumPil": "3687",
            "NomPil": "Delalande",
            "NaisPil": "1966",
            "VillePil": "Nice"
        },
        "Clients": []
    },
    "V623": {
        "NumVol": "V623",
        "VilleD": "Ajaccio",
        "VilleA": "Marseille",
        "DateD": "23/04/07",
        "HD Time": "18:00",
        "DateA": "23/04/07",
        "HAtime": "19:40",
        "Avion": {
            "NumAv": "840",
            "NomAv": "Boeing 727",
            "CapAv": "150",
            "VilleAv": "Montpellier"
        },
        "Pilote": {
            "NumPil": "3687",
            "NomPil": "Delalande",
            "NaisPil": "1966",
            "VillePil": "Nice"
        },
        "Clients": []
    },
    "V624": {
        "NumVol": "V624",
        "VilleD": "Ajaccio",
        "VilleA": "Marseille",
        "DateD": "24/04/07",
        "HD Time": "18:00",
        "DateA": "24/04/07",
        "HAtime": "19:40",
        "Avion": {
            "NumAv": "840",
            "NomAv": "Boeing 727",
            "CapAv": "150",
            "VilleAv": "Montpellier"
        },
        "Pilote": {
            "NumPil": "3687",
            "NomPil": "Delalande",
            "NaisPil": "1966",
            "VillePil": "Nice"
        },
        "Clients": []
    },
    "V625": {
        "NumVol": "V625",
        "VilleD": "Ajaccio",
        "VilleA": "Marseille",
        "DateD": "25/04/07",
        "HD Time": "18:00",
        "DateA": "25/04/07",
        "HAtime": "19:40",
        "Avion": {
            "NumAv": "840",
            "NomAv": "Boeing 727",
            "CapAv": "150",
            "VilleAv": "Montpellier"
        },
        "Pilote": {
            "NumPil": "3687",
            "NomPil": "Delalande",
            "NaisPil": "1966",
            "VillePil": "Nice"
        },
        "Clients": []
    },
    "V626": {
        "NumVol": "V626",
        "VilleD": "Ajaccio",
        "VilleA": "Marseille",
        "DateD": "26/04/07",
        "HD Time": "18:00",
        "DateA": "26/04/07",
        "HAtime": "19:40",
        "Avion": {
            "NumAv": "840",
            "NomAv": "Boeing 727",
            "CapAv": "150",
            "VilleAv": "Montpellier"
        },
        "Pilote": {
            "NumPil": "3687",
            "NomPil": "Delalande",
            "NaisPil": "1966",
            "VillePil": "Nice"
        },
        "Clients": []
    },
    "V627": {
        "NumVol": "V627",
        "VilleD": "Ajaccio",
        "VilleA": "Marseille",
        "DateD": "27/04/07",
        "HD Time": "18:00",
        "DateA": "27/04/07",
        "HAtime": "19:40",
        "Avion": {
            "NumAv": "840",
            "NomAv": "Boeing 727",
            "CapAv": "150",
            "VilleAv": "Montpellier"
        },
        "Pilote": {
            "NumPil": "3687",
            "NomPil": "Delalande",
            "NaisPil": "1966",
            "VillePil": "Nice"
        },
        "Clients": []
    },
    "V628": {
        "NumVol": "V628",
        "VilleD": "Ajaccio",
        "VilleA": "Marseille",
        "DateD": "28/04/07",
        "HD Time": "18:00",
        "DateA": "28/04/07",
        "HAtime": "19:40",
        "Avion": {
            "NumAv": "840",
            "NomAv": "Boeing 727",
            "CapAv": "150",
            "VilleAv": "Montpellier"
        },
        "Pilote": {
            "NumPil": "3687",
            "NomPil": "Delalande",
            "NaisPil": "1966",
            "VillePil": "Nice"
        },
        "Clients": []
    },
    "V629": {
        "NumVol": "V629",
        "VilleD": "Ajaccio",
        "VilleA": "Marseille",
        "DateD": "29/04/07",
        "HD Time": "18:00",
        "DateA": "29/04/07",
        "HAtime": "19:40",
        "Avion": {
            "NumAv": "840",
            "NomAv": "Boeing 727",
            "CapAv": "150",
            "VilleAv": "Montpellier"
        },
        "Pilote": {
            "NumPil": "3687",
            "NomPil": "Delalande",
            "NaisPil": "1966",
            "VillePil": "Nice"
        },
        "Clients": []
    },
    "V630": {
        "NumVol": "V630",
        "VilleD": "Ajaccio",
        "VilleA": "Marseille",
        "DateD": "30/04/07",
        "HD Time": "18:00",
        "DateA": "30/04/07",
        "HAtime": "19:40",
        "Avion": {
            "NumAv": "840",
            "NomAv": "Boeing 727",
            "CapAv": "150",
            "VilleAv": "Montpellier"
        },
        "Pilote": {
            "NumPil": "3687",
            "NomPil": "Delalande",
            "NaisPil": "1966",
            "VillePil": "Nice"
        },
        "Clients": []
    },
    "V681": {
        "NumVol": "V681",
        "VilleD": "Marseille",
        "VilleA": "Pekin",
        "DateD": "1/04/07",
        "HD Time": "18:00",
        "DateA": "2/04/07",
        "HAtime": "6:15",
        "Avion": {
            "NumAv": "440",
            "NomAv": "Concorde",
            "CapAv": "100",
            "VilleAv": "Marseille"
        },
        "Pilote": {
            "NumPil": "4050",
            "NomPil": "Dumas",
            "NaisPil": "1949",
            "VillePil": "Marseille"
        },
        "Clients": []
    },
    "V682": {
        "NumVol": "V682",
        "VilleD": "Marseille",
        "VilleA": "Pekin",
        "DateD": "3/04/07",
        "HD Time": "18:00",
        "DateA": "4/04/07",
        "HAtime": "6:15",
        "Avion": {
            "NumAv": "440",
            "NomAv": "Concorde",
            "CapAv": "100",
            "VilleAv": "Marseille"
        },
        "Pilote": {
            "NumPil": "4050",
            "NomPil": "Dumas",
            "NaisPil": "1949",
            "VillePil": "Marseille"
        },
        "Clients": []
    },
    "V683": {
        "NumVol": "V683",
        "VilleD": "Marseille",
        "VilleA": "Pekin",
        "DateD": "5/04/07",
        "HD Time": "18:00",
        "DateA": "6/04/07",
        "HAtime": "6:15",
        "Avion": {
            "NumAv": "440",
            "NomAv": "Concorde",
            "CapAv": "100",
            "VilleAv": "Marseille"
        },
        "Pilote": {
            "NumPil": "4050",
            "NomPil": "Dumas",
            "NaisPil": "1949",
            "VillePil": "Marseille"
        },
        "Clients": []
    },
    "V684": {
        "NumVol": "V684",
        "VilleD": "Marseille",
        "VilleA": "Pekin",
        "DateD": "7/04/07",
        "HD Time": "18:00",
        "DateA": "8/04/07",
        "HAtime": "6:15",
        "Avion": {
            "NumAv": "440",
            "NomAv": "Concorde",
            "CapAv": "100",
            "VilleAv": "Marseille"
        },
        "Pilote": {
            "NumPil": "4050",
            "NomPil": "Dumas",
            "NaisPil": "1949",
            "VillePil": "Marseille"
        },
        "Clients": []
    },
    "V685": {
        "NumVol": "V685",
        "VilleD": "Marseille",
        "VilleA": "Pekin",
        "DateD": "9/04/07",
        "HD Time": "18:00",
        "DateA": "10/04/07",
        "HAtime": "6:15",
        "Avion": {
            "NumAv": "440",
            "NomAv": "Concorde",
            "CapAv": "100",
            "VilleAv": "Marseille"
        },
        "Pilote": {
            "NumPil": "4050",
            "NomPil": "Dumas",
            "NaisPil": "1949",
            "VillePil": "Marseille"
        },
        "Clients": []
    },
    "V686": {
        "NumVol": "V686",
        "VilleD": "Marseille",
        "VilleA": "Pekin",
        "DateD": "11/04/07",
        "HD Time": "18:00",
        "DateA": "12/04/07",
        "HAtime": "6:15",
        "Avion": {
            "NumAv": "440",
            "NomAv": "Concorde",
            "CapAv": "100",
            "VilleAv": "Marseille"
        },
        "Pilote": {
            "NumPil": "4050",
            "NomPil": "Dumas",
            "NaisPil": "1949",
            "VillePil": "Marseille"
        },
        "Clients": []
    },
    "V687": {
        "NumVol": "V687",
        "VilleD": "Marseille",
        "VilleA": "Pekin",
        "DateD": "13/04/07",
        "HD Time": "18:00",
        "DateA": "14/04/07",
        "HAtime": "6:15",
        "Avion": {
            "NumAv": "440",
            "NomAv": "Concorde",
            "CapAv": "100",
            "VilleAv": "Marseille"
        },
        "Pilote": {
            "NumPil": "4050",
            "NomPil": "Dumas",
            "NaisPil": "1949",
            "VillePil": "Marseille"
        },
        "Clients": []
    },
    "V688": {
        "NumVol": "V688",
        "VilleD": "Marseille",
        "VilleA": "Pekin",
        "DateD": "15/04/07",
        "HD Time": "18:00",
        "DateA": "16/04/07",
        "HAtime": "6:15",
        "Avion": {
            "NumAv": "440",
            "NomAv": "Concorde",
            "CapAv": "100",
            "VilleAv": "Marseille"
        },
        "Pilote": {
            "NumPil": "4050",
            "NomPil": "Dumas",
            "NaisPil": "1949",
            "VillePil": "Marseille"
        },
        "Clients": []
    },
    "V689": {
        "NumVol": "V689",
        "VilleD": "Marseille",
        "VilleA": "Pekin",
        "DateD": "17/04/07",
        "HD Time": "18:00",
        "DateA": "18/04/07",
        "HAtime": "6:15",
        "Avion": {
            "NumAv": "440",
            "NomAv": "Concorde",
            "CapAv": "100",
            "VilleAv": "Marseille"
        },
        "Pilote": {
            "NumPil": "4050",
            "NomPil": "Dumas",
            "NaisPil": "1949",
            "VillePil": "Marseille"
        },
        "Clients": []
    },
    "V690": {
        "NumVol": "V690",
        "VilleD": "Marseille",
        "VilleA": "Pekin",
        "DateD": "19/04/07",
        "HD Time": "18:00",
        "DateA": "20/04/07",
        "HAtime": "6:15",
        "Avion": {
            "NumAv": "440",
            "NomAv": "Concorde",
            "CapAv": "100",
            "VilleAv": "Marseille"
        },
        "Pilote": {
            "NumPil": "4050",
            "NomPil": "Dumas",
            "NaisPil": "1949",
            "VillePil": "Marseille"
        },
        "Clients": [
            {
                "NumClient": "1001",
                "NomClient": "Becquerel",
                "NombrePlaces": "3",
                "Classe": "Business"
            },
            {
                "NumClient": "1007",
                "NomClient": "Sabatier",
                "NombrePlaces": "2",
                "Classe": "Business"
            },
            {
                "NumClient": "1008",
                "NomClient": "Joliot",
                "NombrePlaces": "2",
                "Classe": "Business"
            },
            {
                "NumClient": "1031",
                "NomClient": "Bohr",
                "NombrePlaces": "2",
                "Classe": "Business"
            }
        ]
    },
    "V691": {
        "NumVol": "V691",
        "VilleD": "Marseille",
        "VilleA": "Pekin",
        "DateD": "21/04/07",
        "HD Time": "18:00",
        "DateA": "22/04/07",
        "HAtime": "6:15",
        "Avion": {
            "NumAv": "440",
            "NomAv": "Concorde",
            "CapAv": "100",
            "VilleAv": "Marseille"
        },
        "Pilote": {
            "NumPil": "4050",
            "NomPil": "Dumas",
            "NaisPil": "1949",
            "VillePil": "Marseille"
        },
        "Clients": []
    },
    "V692": {
        "NumVol": "V692",
        "VilleD": "Marseille",
        "VilleA": "Pekin",
        "DateD": "23/04/07",
        "HD Time": "18:00",
        "DateA": "24/04/07",
        "HAtime": "6:15",
        "Avion": {
            "NumAv": "440",
            "NomAv": "Concorde",
            "CapAv": "100",
            "VilleAv": "Marseille"
        },
        "Pilote": {
            "NumPil": "4050",
            "NomPil": "Dumas",
            "NaisPil": "1949",
            "VillePil": "Marseille"
        },
        "Clients": []
    },
    "V693": {
        "NumVol": "V693",
        "VilleD": "Marseille",
        "VilleA": "Pekin",
        "DateD": "25/04/07",
        "HD Time": "18:00",
        "DateA": "26/04/07",
        "HAtime": "6:15",
        "Avion": {
            "NumAv": "440",
            "NomAv": "Concorde",
            "CapAv": "100",
            "VilleAv": "Marseille"
        },
        "Pilote": {
            "NumPil": "4050",
            "NomPil": "Dumas",
            "NaisPil": "1949",
            "VillePil": "Marseille"
        },
        "Clients": []
    },
    "V694": {
        "NumVol": "V694",
        "VilleD": "Marseille",
        "VilleA": "Pekin",
        "DateD": "27/04/07",
        "HD Time": "18:00",
        "DateA": "28/04/07",
        "HAtime": "6:15",
        "Avion": {
            "NumAv": "440",
            "NomAv": "Concorde",
            "CapAv": "100",
            "VilleAv": "Marseille"
        },
        "Pilote": {
            "NumPil": "4050",
            "NomPil": "Dumas",
            "NaisPil": "1949",
            "VillePil": "Marseille"
        },
        "Clients": []
    },
    "V787": {
        "NumVol": "V787",
        "VilleD": "Metz",
        "VilleA": "Marseille",
        "DateD": "17/04/07",
        "HD Time": "5:00",
        "DateA": "17/04/07",
        "HAtime": "6:15",
        "Avion": {
            "NumAv": "720",
            "NomAv": " Boeing 727",
            "CapAv": "150",
            "VilleAv": "Marseille"
        },
        "Pilote": {
            "NumPil": "4060",
            "NomPil": "Dubois",
            "NaisPil": "1960",
            "VillePil": "Paris"
        },
        "Clients": []
    },
    "V788": {
        "NumVol": "V788",
        "VilleD": "Metz",
        "VilleA": "Marseille",
        "DateD": "18/04/07",
        "HD Time": "5:00",
        "DateA": "18/04/07",
        "HAtime": "6:15",
        "Avion": {
            "NumAv": "720",
            "NomAv": " Boeing 727",
            "CapAv": "150",
            "VilleAv": "Marseille"
        },
        "Pilote": {
            "NumPil": "4060",
            "NomPil": "Dubois",
            "NaisPil": "1960",
            "VillePil": "Paris"
        },
        "Clients": []
    },
    "V789": {
        "NumVol": "V789",
        "VilleD": "Metz",
        "VilleA": "Marseille",
        "DateD": "19/04/07",
        "HD Time": "5:00",
        "DateA": "19/04/07",
        "HAtime": "6:15",
        "Avion": {
            "NumAv": "720",
            "NomAv": " Boeing 727",
            "CapAv": "150",
            "VilleAv": "Marseille"
        },
        "Pilote": {
            "NumPil": "4060",
            "NomPil": "Dubois",
            "NaisPil": "1960",
            "VillePil": "Paris"
        },
        "Clients": []
    },
    "V790": {
        "NumVol": "V790",
        "VilleD": "Metz",
        "VilleA": "Marseille",
        "DateD": "20/04/07",
        "HD Time": "5:00",
        "DateA": "20/04/07",
        "HAtime": "6:15",
        "Avion": {
            "NumAv": "720",
            "NomAv": " Boeing 727",
            "CapAv": "150",
            "VilleAv": "Marseille"
        },
        "Pilote": {
            "NumPil": "4060",
            "NomPil": "Dubois",
            "NaisPil": "1960",
            "VillePil": "Paris"
        },
        "Clients": [
            {
                "NumClient": "1006",
                "NomClient": "Grignard",
                "NombrePlaces": "1",
                "Classe": "Business"
            },
            {
                "NumClient": "1008",
                "NomClient": "Joliot",
                "NombrePlaces": "1",
                "Classe": "Business"
            },
            {
                "NumClient": "1031",
                "NomClient": "Bohr",
                "NombrePlaces": "2",
                "Classe": "Business"
            },
            {
                "NumClient": "1001",
                "NomClient": "Becquerel",
                "NombrePlaces": "1",
                "Classe": "Touriste"
            },
            {
                "NumClient": "1009",
                "NomClient": "Laveran",
                "NombrePlaces": "2",
                "Classe": "Economique"
            },
            {
                "NumClient": "1018",
                "NomClient": "Mauriac",
                "NombrePlaces": "2",
                "Classe": "Economique"
            }
        ]
    },
    "V791": {
        "NumVol": "V791",
        "VilleD": "Metz",
        "VilleA": "Marseille",
        "DateD": "21/04/07",
        "HD Time": "5:00",
        "DateA": "21/04/07",
        "HAtime": "6:15",
        "Avion": {
            "NumAv": "720",
            "NomAv": " Boeing 727",
            "CapAv": "150",
            "VilleAv": "Marseille"
        },
        "Pilote": {
            "NumPil": "4060",
            "NomPil": "Dubois",
            "NaisPil": "1960",
            "VillePil": "Paris"
        },
        "Clients": []
    },
    "V804": {
        "NumVol": "V804",
        "VilleD": "Nice",
        "VilleA": "Paris",
        "DateD": "4/04/07",
        "HD Time": "5:00",
        "DateA": "4/04/07",
        "HAtime": "6:15",
        "Avion": {
            "NumAv": "240",
            "NomAv": "Boeing 737",
            "CapAv": "300",
            "VilleAv": "Paris"
        },
        "Pilote": {
            "NumPil": "4020",
            "NomPil": "Duval",
            "NaisPil": "1944",
            "VillePil": "Marseille"
        },
        "Clients": []
    },
    "V805": {
        "NumVol": "V805",
        "VilleD": "Nice",
        "VilleA": "Paris",
        "DateD": "5/04/07",
        "HD Time": "5:00",
        "DateA": "5/04/07",
        "HAtime": "6:15",
        "Avion": {
            "NumAv": "240",
            "NomAv": "Boeing 737",
            "CapAv": "300",
            "VilleAv": "Paris"
        },
        "Pilote": {
            "NumPil": "4020",
            "NomPil": "Duval",
            "NaisPil": "1944",
            "VillePil": "Marseille"
        },
        "Clients": []
    },
    "V806": {
        "NumVol": "V806",
        "VilleD": "Nice",
        "VilleA": "Paris",
        "DateD": "6/04/07",
        "HD Time": "5:00",
        "DateA": "6/04/07",
        "HAtime": "6:15",
        "Avion": {
            "NumAv": "240",
            "NomAv": "Boeing 737",
            "CapAv": "300",
            "VilleAv": "Paris"
        },
        "Pilote": {
            "NumPil": "4020",
            "NomPil": "Duval",
            "NaisPil": "1944",
            "VillePil": "Marseille"
        },
        "Clients": []
    },
    "V807": {
        "NumVol": "V807",
        "VilleD": "Nice",
        "VilleA": "Paris",
        "DateD": "7/04/07",
        "HD Time": "5:00",
        "DateA": "7/04/07",
        "HAtime": "6:15",
        "Avion": {
            "NumAv": "240",
            "NomAv": "Boeing 737",
            "CapAv": "300",
            "VilleAv": "Paris"
        },
        "Pilote": {
            "NumPil": "4020",
            "NomPil": "Duval",
            "NaisPil": "1944",
            "VillePil": "Marseille"
        },
        "Clients": []
    },
    "V808": {
        "NumVol": "V808",
        "VilleD": "Nice",
        "VilleA": "Paris",
        "DateD": "8/04/07",
        "HD Time": "5:00",
        "DateA": "8/04/07",
        "HAtime": "6:15",
        "Avion": {
            "NumAv": "240",
            "NomAv": "Boeing 737",
            "CapAv": "300",
            "VilleAv": "Paris"
        },
        "Pilote": {
            "NumPil": "4020",
            "NomPil": "Duval",
            "NaisPil": "1944",
            "VillePil": "Marseille"
        },
        "Clients": []
    },
    "V809": {
        "NumVol": "V809",
        "VilleD": "Nice",
        "VilleA": "Paris",
        "DateD": "9/04/07",
        "HD Time": "5:00",
        "DateA": "9/04/07",
        "HAtime": "6:15",
        "Avion": {
            "NumAv": "240",
            "NomAv": "Boeing 737",
            "CapAv": "300",
            "VilleAv": "Paris"
        },
        "Pilote": {
            "NumPil": "4020",
            "NomPil": "Duval",
            "NaisPil": "1944",
            "VillePil": "Marseille"
        },
        "Clients": []
    },
    "V882": {
        "NumVol": "V882",
        "VilleD": "Strasbourg",
        "VilleA": "Marseille",
        "DateD": "12/04/07",
        "HD Time": "7:00",
        "DateA": "12/04/07",
        "HAtime": "8:15",
        "Avion": {
            "NumAv": "240",
            "NomAv": "Boeing 737",
            "CapAv": "300",
            "VilleAv": "Paris"
        },
        "Pilote": {
            "NumPil": "4060",
            "NomPil": "Dubois",
            "NaisPil": "1960",
            "VillePil": "Paris"
        },
        "Clients": []
    },
    "V883": {
        "NumVol": "V883",
        "VilleD": "Strasbourg",
        "VilleA": "Marseille",
        "DateD": "13/04/07",
        "HD Time": "7:00",
        "DateA": "13/04/07",
        "HAtime": "8:15",
        "Avion": {
            "NumAv": "240",
            "NomAv": "Boeing 737",
            "CapAv": "300",
            "VilleAv": "Paris"
        },
        "Pilote": {
            "NumPil": "4060",
            "NomPil": "Dubois",
            "NaisPil": "1960",
            "VillePil": "Paris"
        },
        "Clients": []
    },
    "V884": {
        "NumVol": "V884",
        "VilleD": "Strasbourg",
        "VilleA": "Marseille",
        "DateD": "14/04/07",
        "HD Time": "7:00",
        "DateA": "14/04/07",
        "HAtime": "8:15",
        "Avion": {
            "NumAv": "240",
            "NomAv": "Boeing 737",
            "CapAv": "300",
            "VilleAv": "Paris"
        },
        "Pilote": {
            "NumPil": "4060",
            "NomPil": "Dubois",
            "NaisPil": "1960",
            "VillePil": "Paris"
        },
        "Clients": []
    },
    "V885": {
        "NumVol": "V885",
        "VilleD": "Strasbourg",
        "VilleA": "Marseille",
        "DateD": "15/04/07",
        "HD Time": "7:00",
        "DateA": "15/04/07",
        "HAtime": "8:15",
        "Avion": {
            "NumAv": "240",
            "NomAv": "Boeing 737",
            "CapAv": "300",
            "VilleAv": "Paris"
        },
        "Pilote": {
            "NumPil": "4060",
            "NomPil": "Dubois",
            "NaisPil": "1960",
            "VillePil": "Paris"
        },
        "Clients": []
    },
    "V886": {
        "NumVol": "V886",
        "VilleD": "Strasbourg",
        "VilleA": "Marseille",
        "DateD": "16/04/07",
        "HD Time": "7:00",
        "DateA": "16/04/07",
        "HAtime": "8:15",
        "Avion": {
            "NumAv": "240",
            "NomAv": "Boeing 737",
            "CapAv": "300",
            "VilleAv": "Paris"
        },
        "Pilote": {
            "NumPil": "4060",
            "NomPil": "Dubois",
            "NaisPil": "1960",
            "VillePil": "Paris"
        },
        "Clients": []
    },
    "V887": {
        "NumVol": "V887",
        "VilleD": "Strasbourg",
        "VilleA": "Marseille",
        "DateD": "17/04/07",
        "HD Time": "7:00",
        "DateA": "17/04/07",
        "HAtime": "8:15",
        "Avion": {
            "NumAv": "240",
            "NomAv": "Boeing 737",
            "CapAv": "300",
            "VilleAv": "Paris"
        },
        "Pilote": {
            "NumPil": "4060",
            "NomPil": "Dubois",
            "NaisPil": "1960",
            "VillePil": "Paris"
        },
        "Clients": []
    },
    "V888": {
        "NumVol": "V888",
        "VilleD": "Strasbourg",
        "VilleA": "Marseille",
        "DateD": "18/04/07",
        "HD Time": "7:00",
        "DateA": "18/04/07",
        "HAtime": "8:15",
        "Avion": {
            "NumAv": "240",
            "NomAv": "Boeing 737",
            "CapAv": "300",
            "VilleAv": "Paris"
        },
        "Pilote": {
            "NumPil": "4060",
            "NomPil": "Dubois",
            "NaisPil": "1960",
            "VillePil": "Paris"
        },
        "Clients": []
    },
    "V889": {
        "NumVol": "V889",
        "VilleD": "Strasbourg",
        "VilleA": "Marseille",
        "DateD": "19/04/07",
        "HD Time": "7:00",
        "DateA": "19/04/07",
        "HAtime": "8:15",
        "Avion": {
            "NumAv": "240",
            "NomAv": "Boeing 737",
            "CapAv": "300",
            "VilleAv": "Paris"
        },
        "Pilote": {
            "NumPil": "4060",
            "NomPil": "Dubois",
            "NaisPil": "1960",
            "VillePil": "Paris"
        },
        "Clients": []
    },
    "V890": {
        "NumVol": "V890",
        "VilleD": "Strasbourg",
        "VilleA": "Marseille",
        "DateD": "20/04/07",
        "HD Time": "7:00",
        "DateA": "20/04/07",
        "HAtime": "8:15",
        "Avion": {
            "NumAv": "240",
            "NomAv": "Boeing 737",
            "CapAv": "300",
            "VilleAv": "Paris"
        },
        "Pilote": {
            "NumPil": "4060",
            "NomPil": "Dubois",
            "NaisPil": "1960",
            "VillePil": "Paris"
        },
        "Clients": [
            {
                "NumClient": "1017",
                "NomClient": "Martin",
                "NombrePlaces": "2",
                "Classe": "Business"
            },
            {
                "NumClient": "1027",
                "NomClient": "Lorentz",
                "NombrePlaces": "5",
                "Classe": "Business"
            },
            {
                "NumClient": "1008",
                "NomClient": "Joliot",
                "NombrePlaces": "4",
                "Classe": "Touriste"
            },
            {
                "NumClient": "1009",
                "NomClient": "Laveran",
                "NombrePlaces": "1",
                "Classe": "Touriste"
            },
            {
                "NumClient": "1022",
                "NomClient": "Passy",
                "NombrePlaces": "2",
                "Classe": "Touriste"
            },
            {
                "NumClient": "1017",
                "NomClient": "Martin",
                "NombrePlaces": "2",
                "Classe": "Touriste"
            },
            {
                "NumClient": "1025",
                "NomClient": "Briand",
                "NombrePlaces": "4",
                "Classe": "Economique"
            },
            {
                "NumClient": "1005",
                "NomClient": "Moissan",
                "NombrePlaces": "6",
                "Classe": "Economique"
            },
            {
                "NumClient": "1017",
                "NomClient": "Martin",
                "NombrePlaces": "2",
                "Classe": "Economique"
            }
        ]
    },
    "V901": {
        "NumVol": "V901",
        "VilleD": "Paris",
        "VilleA": "Nice",
        "DateD": "1/04/07",
        "HD Time": "22:00",
        "DateA": "1/04/07",
        "HAtime": "23:15",
        "Avion": {
            "NumAv": "240",
            "NomAv": "Boeing 737",
            "CapAv": "300",
            "VilleAv": "Paris"
        },
        "Pilote": {
            "NumPil": "4020",
            "NomPil": "Duval",
            "NaisPil": "1944",
            "VillePil": "Marseille"
        },
        "Clients": [
            {
                "NumClient": "1009",
                "NomClient": "Laveran",
                "NombrePlaces": "5",
                "Classe": "Business"
            },
            {
                "NumClient": "1004",
                "NomClient": "Debroglie",
                "NombrePlaces": "2",
                "Classe": "Economique"
            },
            {
                "NumClient": "1002",
                "NomClient": "Leblanc",
                "NombrePlaces": "5",
                "Classe": "Economique"
            }
        ]
    },
    "V902": {
        "NumVol": "V902",
        "VilleD": "Paris",
        "VilleA": "Nice",
        "DateD": "2/04/07",
        "HD Time": "22:00",
        "DateA": "2/04/07",
        "HAtime": "23:15",
        "Avion": {
            "NumAv": "240",
            "NomAv": "Boeing 737",
            "CapAv": "300",
            "VilleAv": "Paris"
        },
        "Pilote": {
            "NumPil": "4020",
            "NomPil": "Duval",
            "NaisPil": "1944",
            "VillePil": "Marseille"
        },
        "Clients": []
    },
    "V903": {
        "NumVol": "V903",
        "VilleD": "Paris",
        "VilleA": "Nice",
        "DateD": "3/04/07",
        "HD Time": "22:00",
        "DateA": "3/04/07",
        "HAtime": "23:15",
        "Avion": {
            "NumAv": "240",
            "NomAv": "Boeing 737",
            "CapAv": "300",
            "VilleAv": "Paris"
        },
        "Pilote": {
            "NumPil": "4020",
            "NomPil": "Duval",
            "NaisPil": "1944",
            "VillePil": "Marseille"
        },
        "Clients": []
    },
    "V904": {
        "NumVol": "V904",
        "VilleD": "Paris",
        "VilleA": "Nice",
        "DateD": "4/04/07",
        "HD Time": "22:00",
        "DateA": "4/04/07",
        "HAtime": "23:15",
        "Avion": {
            "NumAv": "240",
            "NomAv": "Boeing 737",
            "CapAv": "300",
            "VilleAv": "Paris"
        },
        "Pilote": {
            "NumPil": "4020",
            "NomPil": "Duval",
            "NaisPil": "1944",
            "VillePil": "Marseille"
        },
        "Clients": []
    },
    "V905": {
        "NumVol": "V905",
        "VilleD": "Paris",
        "VilleA": "Nice",
        "DateD": "5/04/07",
        "HD Time": "22:00",
        "DateA": "5/04/07",
        "HAtime": "23:15",
        "Avion": {
            "NumAv": "240",
            "NomAv": "Boeing 737",
            "CapAv": "300",
            "VilleAv": "Paris"
        },
        "Pilote": {
            "NumPil": "4020",
            "NomPil": "Duval",
            "NaisPil": "1944",
            "VillePil": "Marseille"
        },
        "Clients": []
    },
    "V906": {
        "NumVol": "V906",
        "VilleD": "Paris",
        "VilleA": "Nice",
        "DateD": "6/04/07",
        "HD Time": "22:00",
        "DateA": "6/04/07",
        "HAtime": "23:15",
        "Avion": {
            "NumAv": "240",
            "NomAv": "Boeing 737",
            "CapAv": "300",
            "VilleAv": "Paris"
        },
        "Pilote": {
            "NumPil": "4020",
            "NomPil": "Duval",
            "NaisPil": "1944",
            "VillePil": "Marseille"
        },
        "Clients": []
    },
    "V907": {
        "NumVol": "V907",
        "VilleD": "Paris",
        "VilleA": "Nice",
        "DateD": "7/04/07",
        "HD Time": "22:00",
        "DateA": "7/04/07",
        "HAtime": "23:15",
        "Avion": {
            "NumAv": "240",
            "NomAv": "Boeing 737",
            "CapAv": "300",
            "VilleAv": "Paris"
        },
        "Pilote": {
            "NumPil": "4020",
            "NomPil": "Duval",
            "NaisPil": "1944",
            "VillePil": "Marseille"
        },
        "Clients": []
    },
    "V908": {
        "NumVol": "V908",
        "VilleD": "Paris",
        "VilleA": "Nice",
        "DateD": "8/04/07",
        "HD Time": "22:00",
        "DateA": "8/04/07",
        "HAtime": "23:15",
        "Avion": {
            "NumAv": "240",
            "NomAv": "Boeing 737",
            "CapAv": "300",
            "VilleAv": "Paris"
        },
        "Pilote": {
            "NumPil": "4020",
            "NomPil": "Duval",
            "NaisPil": "1944",
            "VillePil": "Marseille"
        },
        "Clients": []
    },
    "V909": {
        "NumVol": "V909",
        "VilleD": "Paris",
        "VilleA": "Nice",
        "DateD": "9/04/07",
        "HD Time": "22:00",
        "DateA": "9/04/07",
        "HAtime": "23:15",
        "Avion": {
            "NumAv": "240",
            "NomAv": "Boeing 737",
            "CapAv": "300",
            "VilleAv": "Paris"
        },
        "Pilote": {
            "NumPil": "4020",
            "NomPil": "Duval",
            "NaisPil": "1944",
            "VillePil": "Marseille"
        },
        "Clients": []
    },
    "V910": {
        "NumVol": "V910",
        "VilleD": "Paris",
        "VilleA": "Nice",
        "DateD": "10/04/07",
        "HD Time": "22:00",
        "DateA": "10/04/07",
        "HAtime": "23:15",
        "Avion": {
            "NumAv": "240",
            "NomAv": "Boeing 737",
            "CapAv": "300",
            "VilleAv": "Paris"
        },
        "Pilote": {
            "NumPil": "4020",
            "NomPil": "Duval",
            "NaisPil": "1944",
            "VillePil": "Marseille"
        },
        "Clients": []
    },
    "V911": {
        "NumVol": "V911",
        "VilleD": "Paris",
        "VilleA": "Nice",
        "DateD": "11/04/07",
        "HD Time": "22:00",
        "DateA": "11/04/07",
        "HAtime": "23:15",
        "Avion": {
            "NumAv": "240",
            "NomAv": "Boeing 737",
            "CapAv": "300",
            "VilleAv": "Paris"
        },
        "Pilote": {
            "NumPil": "4020",
            "NomPil": "Duval",
            "NaisPil": "1944",
            "VillePil": "Marseille"
        },
        "Clients": []
    },
    "V912": {
        "NumVol": "V912",
        "VilleD": "Paris",
        "VilleA": "Nice",
        "DateD": "12/04/07",
        "HD Time": "22:00",
        "DateA": "12/04/07",
        "HAtime": "23:15",
        "Avion": {
            "NumAv": "240",
            "NomAv": "Boeing 737",
            "CapAv": "300",
            "VilleAv": "Paris"
        },
        "Pilote": {
            "NumPil": "4020",
            "NomPil": "Duval",
            "NaisPil": "1944",
            "VillePil": "Marseille"
        },
        "Clients": []
    },
    "V913": {
        "NumVol": "V913",
        "VilleD": "Paris",
        "VilleA": "Nice",
        "DateD": "13/04/07",
        "HD Time": "22:00",
        "DateA": "13/04/07",
        "HAtime": "23:15",
        "Avion": {
            "NumAv": "240",
            "NomAv": "Boeing 737",
            "CapAv": "300",
            "VilleAv": "Paris"
        },
        "Pilote": {
            "NumPil": "4020",
            "NomPil": "Duval",
            "NaisPil": "1944",
            "VillePil": "Marseille"
        },
        "Clients": []
    },
    "V914": {
        "NumVol": "V914",
        "VilleD": "Paris",
        "VilleA": "Nice",
        "DateD": "14/04/07",
        "HD Time": "22:00",
        "DateA": "14/04/07",
        "HAtime": "23:15",
        "Avion": {
            "NumAv": "240",
            "NomAv": "Boeing 737",
            "CapAv": "300",
            "VilleAv": "Paris"
        },
        "Pilote": {
            "NumPil": "4020",
            "NomPil": "Duval",
            "NaisPil": "1944",
            "VillePil": "Marseille"
        },
        "Clients": []
    },
    "V915": {
        "NumVol": "V915",
        "VilleD": "Paris",
        "VilleA": "Nice",
        "DateD": "15/04/07",
        "HD Time": "22:00",
        "DateA": "15/04/07",
        "HAtime": "23:15",
        "Avion": {
            "NumAv": "240",
            "NomAv": "Boeing 737",
            "CapAv": "300",
            "VilleAv": "Paris"
        },
        "Pilote": {
            "NumPil": "4020",
            "NomPil": "Duval",
            "NaisPil": "1944",
            "VillePil": "Marseille"
        },
        "Clients": []
    },
    "V916": {
        "NumVol": "V916",
        "VilleD": "Paris",
        "VilleA": "Nice",
        "DateD": "16/04/07",
        "HD Time": "22:00",
        "DateA": "16/04/07",
        "HAtime": "23:15",
        "Avion": {
            "NumAv": "240",
            "NomAv": "Boeing 737",
            "CapAv": "300",
            "VilleAv": "Paris"
        },
        "Pilote": {
            "NumPil": "4020",
            "NomPil": "Duval",
            "NaisPil": "1944",
            "VillePil": "Marseille"
        },
        "Clients": []
    },
    "V917": {
        "NumVol": "V917",
        "VilleD": "Paris",
        "VilleA": "Nice",
        "DateD": "17/04/07",
        "HD Time": "22:00",
        "DateA": "17/04/07",
        "HAtime": "23:15",
        "Avion": {
            "NumAv": "240",
            "NomAv": "Boeing 737",
            "CapAv": "300",
            "VilleAv": "Paris"
        },
        "Pilote": {
            "NumPil": "4020",
            "NomPil": "Duval",
            "NaisPil": "1944",
            "VillePil": "Marseille"
        },
        "Clients": []
    },
    "V918": {
        "NumVol": "V918",
        "VilleD": "Paris",
        "VilleA": "Nice",
        "DateD": "18/04/07",
        "HD Time": "22:00",
        "DateA": "18/04/07",
        "HAtime": "23:15",
        "Avion": {
            "NumAv": "240",
            "NomAv": "Boeing 737",
            "CapAv": "300",
            "VilleAv": "Paris"
        },
        "Pilote": {
            "NumPil": "4020",
            "NomPil": "Duval",
            "NaisPil": "1944",
            "VillePil": "Marseille"
        },
        "Clients": []
    },
    "V919": {
        "NumVol": "V919",
        "VilleD": "Paris",
        "VilleA": "Nice",
        "DateD": "19/04/07",
        "HD Time": "22:00",
        "DateA": "19/04/07",
        "HAtime": "23:15",
        "Avion": {
            "NumAv": "240",
            "NomAv": "Boeing 737",
            "CapAv": "300",
            "VilleAv": "Paris"
        },
        "Pilote": {
            "NumPil": "4020",
            "NomPil": "Duval",
            "NaisPil": "1944",
            "VillePil": "Marseille"
        },
        "Clients": []
    },
    "V920": {
        "NumVol": "V920",
        "VilleD": "Paris",
        "VilleA": "Nice",
        "DateD": "20/04/07",
        "HD Time": "22:00",
        "DateA": "20/04/07",
        "HAtime": "23:15",
        "Avion": {
            "NumAv": "240",
            "NomAv": "Boeing 737",
            "CapAv": "300",
            "VilleAv": "Paris"
        },
        "Pilote": {
            "NumPil": "4020",
            "NomPil": "Duval",
            "NaisPil": "1944",
            "VillePil": "Marseille"
        },
        "Clients": []
    },
    "V921": {
        "NumVol": "V921",
        "VilleD": "Paris",
        "VilleA": "Nice",
        "DateD": "21/04/07",
        "HD Time": "22:00",
        "DateA": "21/04/07",
        "HAtime": "23:15",
        "Avion": {
            "NumAv": "240",
            "NomAv": "Boeing 737",
            "CapAv": "300",
            "VilleAv": "Paris"
        },
        "Pilote": {
            "NumPil": "4020",
            "NomPil": "Duval",
            "NaisPil": "1944",
            "VillePil": "Marseille"
        },
        "Clients": []
    },
    "V922": {
        "NumVol": "V922",
        "VilleD": "Paris",
        "VilleA": "Nice",
        "DateD": "22/04/07",
        "HD Time": "22:00",
        "DateA": "22/04/07",
        "HAtime": "23:15",
        "Avion": {
            "NumAv": "240",
            "NomAv": "Boeing 737",
            "CapAv": "300",
            "VilleAv": "Paris"
        },
        "Pilote": {
            "NumPil": "4020",
            "NomPil": "Duval",
            "NaisPil": "1944",
            "VillePil": "Marseille"
        },
        "Clients": []
    },
    "V923": {
        "NumVol": "V923",
        "VilleD": "Paris",
        "VilleA": "Nice",
        "DateD": "23/04/07",
        "HD Time": "22:00",
        "DateA": "23/04/07",
        "HAtime": "23:15",
        "Avion": {
            "NumAv": "240",
            "NomAv": "Boeing 737",
            "CapAv": "300",
            "VilleAv": "Paris"
        },
        "Pilote": {
            "NumPil": "4020",
            "NomPil": "Duval",
            "NaisPil": "1944",
            "VillePil": "Marseille"
        },
        "Clients": []
    },
    "V924": {
        "NumVol": "V924",
        "VilleD": "Paris",
        "VilleA": "Nice",
        "DateD": "24/04/07",
        "HD Time": "22:00",
        "DateA": "24/04/07",
        "HAtime": "23:15",
        "Avion": {
            "NumAv": "240",
            "NomAv": "Boeing 737",
            "CapAv": "300",
            "VilleAv": "Paris"
        },
        "Pilote": {
            "NumPil": "4020",
            "NomPil": "Duval",
            "NaisPil": "1944",
            "VillePil": "Marseille"
        },
        "Clients": []
    },
    "V925": {
        "NumVol": "V925",
        "VilleD": "Paris",
        "VilleA": "Nice",
        "DateD": "25/04/07",
        "HD Time": "22:00",
        "DateA": "25/04/07",
        "HAtime": "23:15",
        "Avion": {
            "NumAv": "240",
            "NomAv": "Boeing 737",
            "CapAv": "300",
            "VilleAv": "Paris"
        },
        "Pilote": {
            "NumPil": "4020",
            "NomPil": "Duval",
            "NaisPil": "1944",
            "VillePil": "Marseille"
        },
        "Clients": []
    },
    "V926": {
        "NumVol": "V926",
        "VilleD": "Paris",
        "VilleA": "Nice",
        "DateD": "26/04/07",
        "HD Time": "22:00",
        "DateA": "26/04/07",
        "HAtime": "23:15",
        "Avion": {
            "NumAv": "240",
            "NomAv": "Boeing 737",
            "CapAv": "300",
            "VilleAv": "Paris"
        },
        "Pilote": {
            "NumPil": "4020",
            "NomPil": "Duval",
            "NaisPil": "1944",
            "VillePil": "Marseille"
        },
        "Clients": []
    },
    "V927": {
        "NumVol": "V927",
        "VilleD": "Paris",
        "VilleA": "Nice",
        "DateD": "27/04/07",
        "HD Time": "22:00",
        "DateA": "27/04/07",
        "HAtime": "23:15",
        "Avion": {
            "NumAv": "240",
            "NomAv": "Boeing 737",
            "CapAv": "300",
            "VilleAv": "Paris"
        },
        "Pilote": {
            "NumPil": "4020",
            "NomPil": "Duval",
            "NaisPil": "1944",
            "VillePil": "Marseille"
        },
        "Clients": []
    },
    "V928": {
        "NumVol": "V928",
        "VilleD": "Paris",
        "VilleA": "Nice",
        "DateD": "28/04/07",
        "HD Time": "22:00",
        "DateA": "28/04/07",
        "HAtime": "23:15",
        "Avion": {
            "NumAv": "240",
            "NomAv": "Boeing 737",
            "CapAv": "300",
            "VilleAv": "Paris"
        },
        "Pilote": {
            "NumPil": "4020",
            "NomPil": "Duval",
            "NaisPil": "1944",
            "VillePil": "Marseille"
        },
        "Clients": []
    },
    "V929": {
        "NumVol": "V929",
        "VilleD": "Paris",
        "VilleA": "Nice",
        "DateD": "29/04/07",
        "HD Time": "22:00",
        "DateA": "29/04/07",
        "HAtime": "23:15",
        "Avion": {
            "NumAv": "240",
            "NomAv": "Boeing 737",
            "CapAv": "300",
            "VilleAv": "Paris"
        },
        "Pilote": {
            "NumPil": "4020",
            "NomPil": "Duval",
            "NaisPil": "1944",
            "VillePil": "Marseille"
        },
        "Clients": []
    }
}