{
    "V524": {
        "NumVol": "V524",
        "VilleD": "Marseille",
        "VilleA": "NewYork",
        "Avion": {},
        "Pilote": {},
        "Reservations": []
    },
    "V525": {
        "NumVol": "V525",
        "VilleD": "Marseille",
        "VilleA": "NewYork",
        "Avion": {},
        "Pilote": {},
        "Reservations": []
    },
    "V526": {
        "NumVol": "V526",
        "VilleD": "Marseille",
        "VilleA": "NewYork",
        "Avion": {},
        "Pilote": {},
        "Reservations": []
    },
    "V527": {
        "NumVol": "V527",
        "VilleD": "Marseille",
        "VilleA": "NewYork",
        "Avion": {},
        "Pilote": {},
        "Reservations": []
    },
    "V528": {
        "NumVol": "V528",
        "VilleD": "Marseille",
        "VilleA": "NewYork",
        "Avion": {},
        "Pilote": {},
        "Reservations": []
    },
    "V529": {
        "NumVol": "V529",
        "VilleD": "Marseille",
        "VilleA": "NewYork",
        "Avion": {},
        "Pilote": {},
        "Reservations": []
    },
    "V530": {
        "NumVol": "V530",
        "VilleD": "Marseille",
        "VilleA": "NewYork",
        "Avion": {},
        "Pilote": {},
        "Reservations": []
    },
    "V601": {
        "NumVol": "V601",
        "VilleD": "Ajaccio",
        "VilleA": "Marseille",
        "Avion": {},
        "Pilote": {},
        "Reservations": [
            {
                "NumCl": "1011",
                "NumVol": "V601",
                "NbPlaces": "Business",
                "Classe": "1"
            },
            {
                "NumCl": "1013",
                "NumVol": "V601",
                "NbPlaces": "Business",
                "Classe": "1"
            },
            {
                "NumCl": "1020",
                "NumVol": "V601",
                "NbPlaces": "Business",
                "Classe": "1"
            },
            {
                "NumCl": "1022",
                "NumVol": "V601",
                "NbPlaces": "Business",
                "Classe": "3"
            },
            {
                "NumCl": "1027",
                "NumVol": "V601",
                "NbPlaces": "Business",
                "Classe": "1"
            },
            {
                "NumCl": "1001",
                "NumVol": "V601",
                "NbPlaces": "Economique",
                "Classe": "6"
            },
            {
                "NumCl": "1005",
                "NumVol": "V601",
                "NbPlaces": "Economique",
                "Classe": "5"
            },
            {
                "NumCl": "1006",
                "NumVol": "V601",
                "NbPlaces": "Economique",
                "Classe": "3"
            }
        ]
    },
    "V602": {
        "NumVol": "V602",
        "VilleD": "Ajaccio",
        "VilleA": "Marseille",
        "Avion": {},
        "Pilote": {},
        "Reservations": []
    },
    "V603": {
        "NumVol": "V603",
        "VilleD": "Ajaccio",
        "VilleA": "Marseille",
        "Avion": {},
        "Pilote": {},
        "Reservations": []
    },
    "V604": {
        "NumVol": "V604",
        "VilleD": "Ajaccio",
        "VilleA": "Marseille",
        "Avion": {},
        "Pilote": {},
        "Reservations": []
    },
    "V605": {
        "NumVol": "V605",
        "VilleD": "Ajaccio",
        "VilleA": "Marseille",
        "Avion": {},
        "Pilote": {},
        "Reservations": []
    },
    "V606": {
        "NumVol": "V606",
        "VilleD": "Ajaccio",
        "VilleA": "Marseille",
        "Avion": {},
        "Pilote": {},
        "Reservations": []
    },
    "V607": {
        "NumVol": "V607",
        "VilleD": "Ajaccio",
        "VilleA": "Marseille",
        "Avion": {},
        "Pilote": {},
        "Reservations": []
    },
    "V608": {
        "NumVol": "V608",
        "VilleD": "Ajaccio",
        "VilleA": "Marseille",
        "Avion": {},
        "Pilote": {},
        "Reservations": []
    },
    "V609": {
        "NumVol": "V609",
        "VilleD": "Ajaccio",
        "VilleA": "Marseille",
        "Avion": {},
        "Pilote": {},
        "Reservations": []
    },
    "V610": {
        "NumVol": "V610",
        "VilleD": "Ajaccio",
        "VilleA": "Marseille",
        "Avion": {},
        "Pilote": {},
        "Reservations": []
    },
    "V611": {
        "NumVol": "V611",
        "VilleD": "Ajaccio",
        "VilleA": "Marseille",
        "Avion": {},
        "Pilote": {},
        "Reservations": []
    },
    "V612": {
        "NumVol": "V612",
        "VilleD": "Ajaccio",
        "VilleA": "Marseille",
        "Avion": {},
        "Pilote": {},
        "Reservations": []
    },
    "V613": {
        "NumVol": "V613",
        "VilleD": "Ajaccio",
        "VilleA": "Marseille",
        "Avion": {},
        "Pilote": {},
        "Reservations": []
    },
    "V614": {
        "NumVol": "V614",
        "VilleD": "Ajaccio",
        "VilleA": "Marseille",
        "Avion": {},
        "Pilote": {},
        "Reservations": []
    },
    "V615": {
        "NumVol": "V615",
        "VilleD": "Ajaccio",
        "VilleA": "Marseille",
        "Avion": {},
        "Pilote": {},
        "Reservations": []
    },
    "V616": {
        "NumVol": "V616",
        "VilleD": "Ajaccio",
        "VilleA": "Marseille",
        "Avion": {},
        "Pilote": {},
        "Reservations": []
    },
    "V617": {
        "NumVol": "V617",
        "VilleD": "Ajaccio",
        "VilleA": "Marseille",
        "Avion": {},
        "Pilote": {},
        "Reservations": []
    },
    "V618": {
        "NumVol": "V618",
        "VilleD": "Ajaccio",
        "VilleA": "Marseille",
        "Avion": {},
        "Pilote": {},
        "Reservations": []
    },
    "V619": {
        "NumVol": "V619",
        "VilleD": "Ajaccio",
        "VilleA": "Marseille",
        "Avion": {},
        "Pilote": {},
        "Reservations": []
    },
    "V620": {
        "NumVol": "V620",
        "VilleD": "Ajaccio",
        "VilleA": "Marseille",
        "Avion": {},
        "Pilote": {},
        "Reservations": []
    },
    "V621": {
        "NumVol": "V621",
        "VilleD": "Ajaccio",
        "VilleA": "Marseille",
        "Avion": {},
        "Pilote": {},
        "Reservations": []
    },
    "V622": {
        "NumVol": "V622",
        "VilleD": "Ajaccio",
        "VilleA": "Marseille",
        "Avion": {},
        "Pilote": {},
        "Reservations": []
    },
    "V623": {
        "NumVol": "V623",
        "VilleD": "Ajaccio",
        "VilleA": "Marseille",
        "Avion": {},
        "Pilote": {},
        "Reservations": []
    },
    "V624": {
        "NumVol": "V624",
        "VilleD": "Ajaccio",
        "VilleA": "Marseille",
        "Avion": {},
        "Pilote": {},
        "Reservations": []
    },
    "V625": {
        "NumVol": "V625",
        "VilleD": "Ajaccio",
        "VilleA": "Marseille",
        "Avion": {},
        "Pilote": {},
        "Reservations": []
    },
    "V626": {
        "NumVol": "V626",
        "VilleD": "Ajaccio",
        "VilleA": "Marseille",
        "Avion": {},
        "Pilote": {},
        "Reservations": []
    },
    "V627": {
        "NumVol": "V627",
        "VilleD": "Ajaccio",
        "VilleA": "Marseille",
        "Avion": {},
        "Pilote": {},
        "Reservations": []
    },
    "V628": {
        "NumVol": "V628",
        "VilleD": "Ajaccio",
        "VilleA": "Marseille",
        "Avion": {},
        "Pilote": {},
        "Reservations": []
    },
    "V629": {
        "NumVol": "V629",
        "VilleD": "Ajaccio",
        "VilleA": "Marseille",
        "Avion": {},
        "Pilote": {},
        "Reservations": []
    },
    "V630": {
        "NumVol": "V630",
        "VilleD": "Ajaccio",
        "VilleA": "Marseille",
        "Avion": {},
        "Pilote": {},
        "Reservations": []
    },
    "V681": {
        "NumVol": "V681",
        "VilleD": "Marseille",
        "VilleA": "Pekin",
        "Avion": {},
        "Pilote": {},
        "Reservations": []
    },
    "V682": {
        "NumVol": "V682",
        "VilleD": "Marseille",
        "VilleA": "Pekin",
        "Avion": {},
        "Pilote": {},
        "Reservations": []
    },
    "V683": {
        "NumVol": "V683",
        "VilleD": "Marseille",
        "VilleA": "Pekin",
        "Avion": {},
        "Pilote": {},
        "Reservations": []
    },
    "V684": {
        "NumVol": "V684",
        "VilleD": "Marseille",
        "VilleA": "Pekin",
        "Avion": {},
        "Pilote": {},
        "Reservations": []
    },
    "V685": {
        "NumVol": "V685",
        "VilleD": "Marseille",
        "VilleA": "Pekin",
        "Avion": {},
        "Pilote": {},
        "Reservations": []
    },
    "V686": {
        "NumVol": "V686",
        "VilleD": "Marseille",
        "VilleA": "Pekin",
        "Avion": {},
        "Pilote": {},
        "Reservations": []
    },
    "V687": {
        "NumVol": "V687",
        "VilleD": "Marseille",
        "VilleA": "Pekin",
        "Avion": {},
        "Pilote": {},
        "Reservations": []
    },
    "V688": {
        "NumVol": "V688",
        "VilleD": "Marseille",
        "VilleA": "Pekin",
        "Avion": {},
        "Pilote": {},
        "Reservations": []
    },
    "V689": {
        "NumVol": "V689",
        "VilleD": "Marseille",
        "VilleA": "Pekin",
        "Avion": {},
        "Pilote": {},
        "Reservations": []
    },
    "V690": {
        "NumVol": "V690",
        "VilleD": "Marseille",
        "VilleA": "Pekin",
        "Avion": {},
        "Pilote": {},
        "Reservations": [
            {
                "NumCl": "1001",
                "NumVol": "V690",
                "NbPlaces": "Business",
                "Classe": "3"
            },
            {
                "NumCl": "1007",
                "NumVol": "V690",
                "NbPlaces": "Business",
                "Classe": "2"
            },
            {
                "NumCl": "1008",
                "NumVol": "V690",
                "NbPlaces": "Business",
                "Classe": "2"
            },
            {
                "NumCl": "1031",
                "NumVol": "V690",
                "NbPlaces": "Business",
                "Classe": "2"
            }
        ]
    },
    "V691": {
        "NumVol": "V691",
        "VilleD": "Marseille",
        "VilleA": "Pekin",
        "Avion": {},
        "Pilote": {},
        "Reservations": []
    },
    "V692": {
        "NumVol": "V692",
        "VilleD": "Marseille",
        "VilleA": "Pekin",
        "Avion": {},
        "Pilote": {},
        "Reservations": []
    },
    "V693": {
        "NumVol": "V693",
        "VilleD": "Marseille",
        "VilleA": "Pekin",
        "Avion": {},
        "Pilote": {},
        "Reservations": []
    },
    "V694": {
        "NumVol": "V694",
        "VilleD": "Marseille",
        "VilleA": "Pekin",
        "Avion": {},
        "Pilote": {},
        "Reservations": []
    },
    "V787": {
        "NumVol": "V787",
        "VilleD": "Metz",
        "VilleA": "Marseille",
        "Avion": {},
        "Pilote": {},
        "Reservations": []
    },
    "V788": {
        "NumVol": "V788",
        "VilleD": "Metz",
        "VilleA": "Marseille",
        "Avion": {},
        "Pilote": {},
        "Reservations": []
    },
    "V789": {
        "NumVol": "V789",
        "VilleD": "Metz",
        "VilleA": "Marseille",
        "Avion": {},
        "Pilote": {},
        "Reservations": []
    },
    "V790": {
        "NumVol": "V790",
        "VilleD": "Metz",
        "VilleA": "Marseille",
        "Avion": {},
        "Pilote": {},
        "Reservations": [
            {
                "NumCl": "1006",
                "NumVol": "V790",
                "NbPlaces": "Business",
                "Classe": "1"
            },
            {
                "NumCl": "1008",
                "NumVol": "V790",
                "NbPlaces": "Business",
                "Classe": "1"
            },
            {
                "NumCl": "1031",
                "NumVol": "V790",
                "NbPlaces": "Business",
                "Classe": "2"
            },
            {
                "NumCl": "1001",
                "NumVol": "V790",
                "NbPlaces": "Touriste",
                "Classe": "1"
            },
            {
                "NumCl": "1009",
                "NumVol": "V790",
                "NbPlaces": "Economique",
                "Classe": "2"
            },
            {
                "NumCl": "1018",
                "NumVol": "V790",
                "NbPlaces": "Economique",
                "Classe": "2"
            }
        ]
    },
    "V791": {
        "NumVol": "V791",
        "VilleD": "Metz",
        "VilleA": "Marseille",
        "Avion": {},
        "Pilote": {},
        "Reservations": []
    },
    "V804": {
        "NumVol": "V804",
        "VilleD": "Nice",
        "VilleA": "Paris",
        "Avion": {},
        "Pilote": {},
        "Reservations": []
    },
    "V805": {
        "NumVol": "V805",
        "VilleD": "Nice",
        "VilleA": "Paris",
        "Avion": {},
        "Pilote": {},
        "Reservations": []
    },
    "V806": {
        "NumVol": "V806",
        "VilleD": "Nice",
        "VilleA": "Paris",
        "Avion": {},
        "Pilote": {},
        "Reservations": []
    },
    "V807": {
        "NumVol": "V807",
        "VilleD": "Nice",
        "VilleA": "Paris",
        "Avion": {},
        "Pilote": {},
        "Reservations": []
    },
    "V808": {
        "NumVol": "V808",
        "VilleD": "Nice",
        "VilleA": "Paris",
        "Avion": {},
        "Pilote": {},
        "Reservations": []
    },
    "V809": {
        "NumVol": "V809",
        "VilleD": "Nice",
        "VilleA": "Paris",
        "Avion": {},
        "Pilote": {},
        "Reservations": []
    },
    "V882": {
        "NumVol": "V882",
        "VilleD": "Strasbourg",
        "VilleA": "Marseille",
        "Avion": {},
        "Pilote": {},
        "Reservations": []
    },
    "V883": {
        "NumVol": "V883",
        "VilleD": "Strasbourg",
        "VilleA": "Marseille",
        "Avion": {},
        "Pilote": {},
        "Reservations": []
    },
    "V884": {
        "NumVol": "V884",
        "VilleD": "Strasbourg",
        "VilleA": "Marseille",
        "Avion": {},
        "Pilote": {},
        "Reservations": []
    },
    "V885": {
        "NumVol": "V885",
        "VilleD": "Strasbourg",
        "VilleA": "Marseille",
        "Avion": {},
        "Pilote": {},
        "Reservations": []
    },
    "V886": {
        "NumVol": "V886",
        "VilleD": "Strasbourg",
        "VilleA": "Marseille",
        "Avion": {},
        "Pilote": {},
        "Reservations": []
    },
    "V887": {
        "NumVol": "V887",
        "VilleD": "Strasbourg",
        "VilleA": "Marseille",
        "Avion": {},
        "Pilote": {},
        "Reservations": []
    },
    "V888": {
        "NumVol": "V888",
        "VilleD": "Strasbourg",
        "VilleA": "Marseille",
        "Avion": {},
        "Pilote": {},
        "Reservations": []
    },
    "V889": {
        "NumVol": "V889",
        "VilleD": "Strasbourg",
        "VilleA": "Marseille",
        "Avion": {},
        "Pilote": {},
        "Reservations": []
    },
    "V890": {
        "NumVol": "V890",
        "VilleD": "Strasbourg",
        "VilleA": "Marseille",
        "Avion": {},
        "Pilote": {},
        "Reservations": [
            {
                "NumCl": "1017",
                "NumVol": "V890",
                "NbPlaces": "Business",
                "Classe": "2"
            },
            {
                "NumCl": "1027",
                "NumVol": "V890",
                "NbPlaces": "Business",
                "Classe": "5"
            },
            {
                "NumCl": "1008",
                "NumVol": "V890",
                "NbPlaces": "Touriste",
                "Classe": "4"
            },
            {
                "NumCl": "1009",
                "NumVol": "V890",
                "NbPlaces": "Touriste",
                "Classe": "1"
            },
            {
                "NumCl": "1022",
                "NumVol": "V890",
                "NbPlaces": "Touriste",
                "Classe": "2"
            },
            {
                "NumCl": "1017",
                "NumVol": "V890",
                "NbPlaces": "Touriste",
                "Classe": "2"
            },
            {
                "NumCl": "1025",
                "NumVol": "V890",
                "NbPlaces": "Economique",
                "Classe": "4"
            },
            {
                "NumCl": "1005",
                "NumVol": "V890",
                "NbPlaces": "Economique",
                "Classe": "6"
            },
            {
                "NumCl": "1017",
                "NumVol": "V890",
                "NbPlaces": "Economique",
                "Classe": "2"
            }
        ]
    },
    "V901": {
        "NumVol": "V901",
        "VilleD": "Paris",
        "VilleA": "Nice",
        "Avion": {},
        "Pilote": {},
        "Reservations": [
            {
                "NumCl": "1009",
                "NumVol": "V901",
                "NbPlaces": "Business",
                "Classe": "5"
            },
            {
                "NumCl": "1004",
                "NumVol": "V901",
                "NbPlaces": "Economique",
                "Classe": "2"
            },
            {
                "NumCl": "1002",
                "NumVol": "V901",
                "NbPlaces": "Economique",
                "Classe": "5"
            }
        ]
    },
    "V902": {
        "NumVol": "V902",
        "VilleD": "Paris",
        "VilleA": "Nice",
        "Avion": {},
        "Pilote": {},
        "Reservations": []
    },
    "V903": {
        "NumVol": "V903",
        "VilleD": "Paris",
        "VilleA": "Nice",
        "Avion": {},
        "Pilote": {},
        "Reservations": []
    },
    "V904": {
        "NumVol": "V904",
        "VilleD": "Paris",
        "VilleA": "Nice",
        "Avion": {},
        "Pilote": {},
        "Reservations": []
    },
    "V905": {
        "NumVol": "V905",
        "VilleD": "Paris",
        "VilleA": "Nice",
        "Avion": {},
        "Pilote": {},
        "Reservations": []
    },
    "V906": {
        "NumVol": "V906",
        "VilleD": "Paris",
        "VilleA": "Nice",
        "Avion": {},
        "Pilote": {},
        "Reservations": []
    },
    "V907": {
        "NumVol": "V907",
        "VilleD": "Paris",
        "VilleA": "Nice",
        "Avion": {},
        "Pilote": {},
        "Reservations": []
    },
    "V908": {
        "NumVol": "V908",
        "VilleD": "Paris",
        "VilleA": "Nice",
        "Avion": {},
        "Pilote": {},
        "Reservations": []
    },
    "V909": {
        "NumVol": "V909",
        "VilleD": "Paris",
        "VilleA": "Nice",
        "Avion": {},
        "Pilote": {},
        "Reservations": []
    },
    "V910": {
        "NumVol": "V910",
        "VilleD": "Paris",
        "VilleA": "Nice",
        "Avion": {},
        "Pilote": {},
        "Reservations": []
    },
    "V911": {
        "NumVol": "V911",
        "VilleD": "Paris",
        "VilleA": "Nice",
        "Avion": {},
        "Pilote": {},
        "Reservations": []
    },
    "V912": {
        "NumVol": "V912",
        "VilleD": "Paris",
        "VilleA": "Nice",
        "Avion": {},
        "Pilote": {},
        "Reservations": []
    },
    "V913": {
        "NumVol": "V913",
        "VilleD": "Paris",
        "VilleA": "Nice",
        "Avion": {},
        "Pilote": {},
        "Reservations": []
    },
    "V914": {
        "NumVol": "V914",
        "VilleD": "Paris",
        "VilleA": "Nice",
        "Avion": {},
        "Pilote": {},
        "Reservations": []
    },
    "V915": {
        "NumVol": "V915",
        "VilleD": "Paris",
        "VilleA": "Nice",
        "Avion": {},
        "Pilote": {},
        "Reservations": []
    },
    "V916": {
        "NumVol": "V916",
        "VilleD": "Paris",
        "VilleA": "Nice",
        "Avion": {},
        "Pilote": {},
        "Reservations": []
    },
    "V917": {
        "NumVol": "V917",
        "VilleD": "Paris",
        "VilleA": "Nice",
        "Avion": {},
        "Pilote": {},
        "Reservations": []
    },
    "V918": {
        "NumVol": "V918",
        "VilleD": "Paris",
        "VilleA": "Nice",
        "Avion": {},
        "Pilote": {},
        "Reservations": []
    },
    "V919": {
        "NumVol": "V919",
        "VilleD": "Paris",
        "VilleA": "Nice",
        "Avion": {},
        "Pilote": {},
        "Reservations": []
    },
    "V920": {
        "NumVol": "V920",
        "VilleD": "Paris",
        "VilleA": "Nice",
        "Avion": {},
        "Pilote": {},
        "Reservations": []
    },
    "V921": {
        "NumVol": "V921",
        "VilleD": "Paris",
        "VilleA": "Nice",
        "Avion": {},
        "Pilote": {},
        "Reservations": []
    },
    "V922": {
        "NumVol": "V922",
        "VilleD": "Paris",
        "VilleA": "Nice",
        "Avion": {},
        "Pilote": {},
        "Reservations": []
    },
    "V923": {
        "NumVol": "V923",
        "VilleD": "Paris",
        "VilleA": "Nice",
        "Avion": {},
        "Pilote": {},
        "Reservations": []
    },
    "V924": {
        "NumVol": "V924",
        "VilleD": "Paris",
        "VilleA": "Nice",
        "Avion": {},
        "Pilote": {},
        "Reservations": []
    },
    "V925": {
        "NumVol": "V925",
        "VilleD": "Paris",
        "VilleA": "Nice",
        "Avion": {},
        "Pilote": {},
        "Reservations": []
    },
    "V926": {
        "NumVol": "V926",
        "VilleD": "Paris",
        "VilleA": "Nice",
        "Avion": {},
        "Pilote": {},
        "Reservations": []
    },
    "V927": {
        "NumVol": "V927",
        "VilleD": "Paris",
        "VilleA": "Nice",
        "Avion": {},
        "Pilote": {},
        "Reservations": []
    },
    "V928": {
        "NumVol": "V928",
        "VilleD": "Paris",
        "VilleA": "Nice",
        "Avion": {},
        "Pilote": {},
        "Reservations": []
    },
    "V929": {
        "NumVol": "V929",
        "VilleD": "Paris",
        "VilleA": "Nice",
        "Avion": {},
        "Pilote": {},
        "Reservations": []
    }
}