{
    "V101": {
        "NumVol": "V101",
        "VilleD": "Marseille",
        "VilleA": "Amsterdam",
        "Avion": {},
        "Pilote": {},
        "Reservations": [
            {
                "NumCl": "1031",
                "NumVol": "V101",
                "NbPlaces": "Business",
                "Classe": "2"
            },
            {
                "NumCl": "1027",
                "NumVol": "V101",
                "NbPlaces": "Business",
                "Classe": "2"
            },
            {
                "NumCl": "1031",
                "NumVol": "V101",
                "NbPlaces": "Touriste",
                "Classe": "5"
            },
            {
                "NumCl": "1033",
                "NumVol": "V101",
                "NbPlaces": "Touriste",
                "Classe": "7"
            },
            {
                "NumCl": "1028",
                "NumVol": "V101",
                "NbPlaces": "Touriste",
                "Classe": "6"
            },
            {
                "NumCl": "1021",
                "NumVol": "V101",
                "NbPlaces": "Touriste",
                "Classe": "6"
            },
            {
                "NumCl": "1002",
                "NumVol": "V101",
                "NbPlaces": "Touriste",
                "Classe": "5"
            },
            {
                "NumCl": "1029",
                "NumVol": "V101",
                "NbPlaces": "Economique",
                "Classe": "7"
            },
            {
                "NumCl": "1015",
                "NumVol": "V101",
                "NbPlaces": "Economique",
                "Classe": "1"
            },
            {
                "NumCl": "1006",
                "NumVol": "V101",
                "NbPlaces": "Economique",
                "Classe": "4"
            }
        ]
    },
    "V102": {
        "NumVol": "V102",
        "VilleD": "Marseille",
        "VilleA": "Amsterdam",
        "Avion": {},
        "Pilote": {},
        "Reservations": []
    },
    "V103": {
        "NumVol": "V103",
        "VilleD": "Marseille",
        "VilleA": "Amsterdam",
        "Avion": {},
        "Pilote": {},
        "Reservations": []
    },
    "V104": {
        "NumVol": "V104",
        "VilleD": "Marseille",
        "VilleA": "Amsterdam",
        "Avion": {},
        "Pilote": {},
        "Reservations": []
    },
    "V105": {
        "NumVol": "V105",
        "VilleD": "Marseille",
        "VilleA": "Amsterdam",
        "Avion": {},
        "Pilote": {},
        "Reservations": []
    },
    "V106": {
        "NumVol": "V106",
        "VilleD": "Marseille",
        "VilleA": "Amsterdam",
        "Avion": {},
        "Pilote": {},
        "Reservations": []
    },
    "V107": {
        "NumVol": "V107",
        "VilleD": "Marseille",
        "VilleA": "Amsterdam",
        "Avion": {},
        "Pilote": {},
        "Reservations": []
    },
    "V108": {
        "NumVol": "V108",
        "VilleD": "Marseille",
        "VilleA": "Amsterdam",
        "Avion": {},
        "Pilote": {},
        "Reservations": []
    },
    "V109": {
        "NumVol": "V109",
        "VilleD": "Marseille",
        "VilleA": "Amsterdam",
        "Avion": {},
        "Pilote": {},
        "Reservations": []
    },
    "V110": {
        "NumVol": "V110",
        "VilleD": "Marseille",
        "VilleA": "Amsterdam",
        "Avion": {},
        "Pilote": {},
        "Reservations": []
    },
    "V111": {
        "NumVol": "V111",
        "VilleD": "Marseille",
        "VilleA": "Amsterdam",
        "Avion": {},
        "Pilote": {},
        "Reservations": []
    },
    "V112": {
        "NumVol": "V112",
        "VilleD": "Marseille",
        "VilleA": "Amsterdam",
        "Avion": {},
        "Pilote": {},
        "Reservations": []
    },
    "V113": {
        "NumVol": "V113",
        "VilleD": "Marseille",
        "VilleA": "Amsterdam",
        "Avion": {},
        "Pilote": {},
        "Reservations": []
    },
    "V114": {
        "NumVol": "V114",
        "VilleD": "Marseille",
        "VilleA": "Amsterdam",
        "Avion": {},
        "Pilote": {},
        "Reservations": []
    },
    "V115": {
        "NumVol": "V115",
        "VilleD": "Marseille",
        "VilleA": "Amsterdam",
        "Avion": {},
        "Pilote": {},
        "Reservations": []
    },
    "V116": {
        "NumVol": "V116",
        "VilleD": "Marseille",
        "VilleA": "Amsterdam",
        "Avion": {},
        "Pilote": {},
        "Reservations": []
    },
    "V117": {
        "NumVol": "V117",
        "VilleD": "Marseille",
        "VilleA": "Amsterdam",
        "Avion": {},
        "Pilote": {},
        "Reservations": []
    },
    "V118": {
        "NumVol": "V118",
        "VilleD": "Marseille",
        "VilleA": "Amsterdam",
        "Avion": {},
        "Pilote": {},
        "Reservations": []
    },
    "V119": {
        "NumVol": "V119",
        "VilleD": "Marseille",
        "VilleA": "Amsterdam",
        "Avion": {},
        "Pilote": {},
        "Reservations": []
    },
    "V120": {
        "NumVol": "V120",
        "VilleD": "Marseille",
        "VilleA": "Amsterdam",
        "Avion": {},
        "Pilote": {},
        "Reservations": []
    },
    "V141": {
        "NumVol": "V141",
        "VilleD": "Amsterdam",
        "VilleA": "Marseille",
        "Avion": {},
        "Pilote": {},
        "Reservations": [
            {
                "NumCl": "1001",
                "NumVol": "V141",
                "NbPlaces": "Business",
                "Classe": "3"
            },
            {
                "NumCl": "1008",
                "NumVol": "V141",
                "NbPlaces": "Touriste",
                "Classe": "2"
            },
            {
                "NumCl": "1011",
                "NumVol": "V141",
                "NbPlaces": "Economique",
                "Classe": "8"
            }
        ]
    },
    "V142": {
        "NumVol": "V142",
        "VilleD": "Amsterdam",
        "VilleA": "Marseille",
        "Avion": {},
        "Pilote": {},
        "Reservations": []
    },
    "V143": {
        "NumVol": "V143",
        "VilleD": "Amsterdam",
        "VilleA": "Marseille",
        "Avion": {},
        "Pilote": {},
        "Reservations": []
    },
    "V144": {
        "NumVol": "V144",
        "VilleD": "Amsterdam",
        "VilleA": "Marseille",
        "Avion": {},
        "Pilote": {},
        "Reservations": []
    },
    "V145": {
        "NumVol": "V145",
        "VilleD": "Amsterdam",
        "VilleA": "Marseille",
        "Avion": {},
        "Pilote": {},
        "Reservations": []
    },
    "V146": {
        "NumVol": "V146",
        "VilleD": "Amsterdam",
        "VilleA": "Marseille",
        "Avion": {},
        "Pilote": {},
        "Reservations": []
    },
    "V147": {
        "NumVol": "V147",
        "VilleD": "Amsterdam",
        "VilleA": "Marseille",
        "Avion": {},
        "Pilote": {},
        "Reservations": []
    },
    "V148": {
        "NumVol": "V148",
        "VilleD": "Amsterdam",
        "VilleA": "Marseille",
        "Avion": {},
        "Pilote": {},
        "Reservations": []
    },
    "V149": {
        "NumVol": "V149",
        "VilleD": "Amsterdam",
        "VilleA": "Marseille",
        "Avion": {},
        "Pilote": {},
        "Reservations": []
    },
    "V150": {
        "NumVol": "V150",
        "VilleD": "Amsterdam",
        "VilleA": "Marseille",
        "Avion": {},
        "Pilote": {},
        "Reservations": [
            {
                "NumCl": "1020",
                "NumVol": "V150",
                "NbPlaces": "Business",
                "Classe": "1"
            },
            {
                "NumCl": "1027",
                "NumVol": "V150",
                "NbPlaces": "Business",
                "Classe": "1"
            },
            {
                "NumCl": "1001",
                "NumVol": "V150",
                "NbPlaces": "Touriste",
                "Classe": "1"
            },
            {
                "NumCl": "1029",
                "NumVol": "V150",
                "NbPlaces": "Economique",
                "Classe": "7"
            }
        ]
    },
    "V151": {
        "NumVol": "V151",
        "VilleD": "Amsterdam",
        "VilleA": "Marseille",
        "Avion": {},
        "Pilote": {},
        "Reservations": []
    },
    "V152": {
        "NumVol": "V152",
        "VilleD": "Amsterdam",
        "VilleA": "Marseille",
        "Avion": {},
        "Pilote": {},
        "Reservations": []
    },
    "V153": {
        "NumVol": "V153",
        "VilleD": "Amsterdam",
        "VilleA": "Marseille",
        "Avion": {},
        "Pilote": {},
        "Reservations": []
    },
    "V154": {
        "NumVol": "V154",
        "VilleD": "Amsterdam",
        "VilleA": "Marseille",
        "Avion": {},
        "Pilote": {},
        "Reservations": []
    },
    "V155": {
        "NumVol": "V155",
        "VilleD": "Amsterdam",
        "VilleA": "Marseille",
        "Avion": {},
        "Pilote": {},
        "Reservations": []
    },
    "V156": {
        "NumVol": "V156",
        "VilleD": "Amsterdam",
        "VilleA": "Marseille",
        "Avion": {},
        "Pilote": {},
        "Reservations": []
    },
    "V157": {
        "NumVol": "V157",
        "VilleD": "Amsterdam",
        "VilleA": "Marseille",
        "Avion": {},
        "Pilote": {},
        "Reservations": []
    },
    "V180": {
        "NumVol": "V180",
        "VilleD": "Marseille",
        "VilleA": "Amsterdam",
        "Avion": {},
        "Pilote": {},
        "Reservations": []
    },
    "V181": {
        "NumVol": "V181",
        "VilleD": "Marseille",
        "VilleA": "Amsterdam",
        "Avion": {},
        "Pilote": {},
        "Reservations": []
    },
    "V182": {
        "NumVol": "V182",
        "VilleD": "Marseille",
        "VilleA": "Amsterdam",
        "Avion": {},
        "Pilote": {},
        "Reservations": []
    },
    "V183": {
        "NumVol": "V183",
        "VilleD": "Marseille",
        "VilleA": "Amsterdam",
        "Avion": {},
        "Pilote": {},
        "Reservations": []
    },
    "V184": {
        "NumVol": "V184",
        "VilleD": "Marseille",
        "VilleA": "Amsterdam",
        "Avion": {},
        "Pilote": {},
        "Reservations": []
    },
    "V185": {
        "NumVol": "V185",
        "VilleD": "Marseille",
        "VilleA": "Amsterdam",
        "Avion": {},
        "Pilote": {},
        "Reservations": []
    },
    "V186": {
        "NumVol": "V186",
        "VilleD": "Marseille",
        "VilleA": "Amsterdam",
        "Avion": {},
        "Pilote": {},
        "Reservations": []
    },
    "V187": {
        "NumVol": "V187",
        "VilleD": "Marseille",
        "VilleA": "Amsterdam",
        "Avion": {},
        "Pilote": {},
        "Reservations": []
    },
    "V188": {
        "NumVol": "V188",
        "VilleD": "Marseille",
        "VilleA": "Amsterdam",
        "Avion": {},
        "Pilote": {},
        "Reservations": []
    },
    "V189": {
        "NumVol": "V189",
        "VilleD": "Marseille",
        "VilleA": "Amsterdam",
        "Avion": {},
        "Pilote": {},
        "Reservations": []
    },
    "V190": {
        "NumVol": "V190",
        "VilleD": "Marseille",
        "VilleA": "Amsterdam",
        "Avion": {},
        "Pilote": {},
        "Reservations": []
    },
    "V191": {
        "NumVol": "V191",
        "VilleD": "Marseille",
        "VilleA": "Amsterdam",
        "Avion": {},
        "Pilote": {},
        "Reservations": []
    },
    "V192": {
        "NumVol": "V192",
        "VilleD": "Marseille",
        "VilleA": "Amsterdam",
        "Avion": {},
        "Pilote": {},
        "Reservations": []
    },
    "V193": {
        "NumVol": "V193",
        "VilleD": "Marseille",
        "VilleA": "Amsterdam",
        "Avion": {},
        "Pilote": {},
        "Reservations": []
    },
    "V194": {
        "NumVol": "V194",
        "VilleD": "Marseille",
        "VilleA": "Amsterdam",
        "Avion": {},
        "Pilote": {},
        "Reservations": []
    },
    "V195": {
        "NumVol": "V195",
        "VilleD": "Marseille",
        "VilleA": "Amsterdam",
        "Avion": {},
        "Pilote": {},
        "Reservations": []
    },
    "V196": {
        "NumVol": "V196",
        "VilleD": "Marseille",
        "VilleA": "Amsterdam",
        "Avion": {},
        "Pilote": {},
        "Reservations": []
    },
    "V197": {
        "NumVol": "V197",
        "VilleD": "Marseille",
        "VilleA": "Amsterdam",
        "Avion": {},
        "Pilote": {},
        "Reservations": []
    },
    "V198": {
        "NumVol": "V198",
        "VilleD": "Marseille",
        "VilleA": "Amsterdam",
        "Avion": {},
        "Pilote": {},
        "Reservations": []
    },
    "V199": {
        "NumVol": "V199",
        "VilleD": "Marseille",
        "VilleA": "Amsterdam",
        "Avion": {},
        "Pilote": {},
        "Reservations": []
    },
    "V200": {
        "NumVol": "V200",
        "VilleD": "Marseille",
        "VilleA": "Amsterdam",
        "Avion": {},
        "Pilote": {},
        "Reservations": []
    },
    "V211": {
        "NumVol": "V211",
        "VilleD": "Paris",
        "VilleA": "Pekin",
        "Avion": {},
        "Pilote": {},
        "Reservations": []
    },
    "V212": {
        "NumVol": "V212",
        "VilleD": "Paris",
        "VilleA": "Pekin",
        "Avion": {},
        "Pilote": {},
        "Reservations": []
    },
    "V213": {
        "NumVol": "V213",
        "VilleD": "Paris",
        "VilleA": "Pekin",
        "Avion": {},
        "Pilote": {},
        "Reservations": []
    },
    "V214": {
        "NumVol": "V214",
        "VilleD": "Paris",
        "VilleA": "Pekin",
        "Avion": {},
        "Pilote": {},
        "Reservations": []
    },
    "V215": {
        "NumVol": "V215",
        "VilleD": "Paris",
        "VilleA": "Pekin",
        "Avion": {},
        "Pilote": {},
        "Reservations": []
    },
    "V216": {
        "NumVol": "V216",
        "VilleD": "Paris",
        "VilleA": "Pekin",
        "Avion": {},
        "Pilote": {},
        "Reservations": []
    },
    "V217": {
        "NumVol": "V217",
        "VilleD": "Paris",
        "VilleA": "Pekin",
        "Avion": {},
        "Pilote": {},
        "Reservations": []
    },
    "V218": {
        "NumVol": "V218",
        "VilleD": "Paris",
        "VilleA": "Pekin",
        "Avion": {},
        "Pilote": {},
        "Reservations": []
    },
    "V219": {
        "NumVol": "V219",
        "VilleD": "Paris",
        "VilleA": "Pekin",
        "Avion": {},
        "Pilote": {},
        "Reservations": []
    },
    "V220": {
        "NumVol": "V220",
        "VilleD": "Paris",
        "VilleA": "Pekin",
        "Avion": {},
        "Pilote": {},
        "Reservations": []
    },
    "V221": {
        "NumVol": "V221",
        "VilleD": "Paris",
        "VilleA": "Pekin",
        "Avion": {},
        "Pilote": {},
        "Reservations": []
    },
    "V222": {
        "NumVol": "V222",
        "VilleD": "Paris",
        "VilleA": "Pekin",
        "Avion": {},
        "Pilote": {},
        "Reservations": []
    },
    "V223": {
        "NumVol": "V223",
        "VilleD": "Paris",
        "VilleA": "Pekin",
        "Avion": {},
        "Pilote": {},
        "Reservations": []
    },
    "V224": {
        "NumVol": "V224",
        "VilleD": "Paris",
        "VilleA": "Pekin",
        "Avion": {},
        "Pilote": {},
        "Reservations": []
    },
    "V265": {
        "NumVol": "V265",
        "VilleD": "Paris",
        "VilleA": "Marseille",
        "Avion": {},
        "Pilote": {},
        "Reservations": []
    },
    "V350": {
        "NumVol": "V350",
        "VilleD": "Marseille",
        "VilleA": "Paris",
        "Avion": {},
        "Pilote": {},
        "Reservations": []
    },
    "V351": {
        "NumVol": "V351",
        "VilleD": "Marseille",
        "VilleA": "Paris",
        "Avion": {},
        "Pilote": {},
        "Reservations": []
    },
    "V420": {
        "NumVol": "V420",
        "VilleD": "Nantes",
        "VilleA": "Paris",
        "Avion": {},
        "Pilote": {},
        "Reservations": []
    },
    "V501": {
        "NumVol": "V501",
        "VilleD": "Marseille",
        "VilleA": "NewYork",
        "Avion": {},
        "Pilote": {},
        "Reservations": []
    },
    "V502": {
        "NumVol": "V502",
        "VilleD": "Marseille",
        "VilleA": "NewYork",
        "Avion": {},
        "Pilote": {},
        "Reservations": []
    },
    "V503": {
        "NumVol": "V503",
        "VilleD": "Marseille",
        "VilleA": "NewYork",
        "Avion": {},
        "Pilote": {},
        "Reservations": []
    },
    "V504": {
        "NumVol": "V504",
        "VilleD": "Marseille",
        "VilleA": "NewYork",
        "Avion": {},
        "Pilote": {},
        "Reservations": []
    },
    "V505": {
        "NumVol": "V505",
        "VilleD": "Marseille",
        "VilleA": "NewYork",
        "Avion": {},
        "Pilote": {},
        "Reservations": []
    },
    "V506": {
        "NumVol": "V506",
        "VilleD": "Marseille",
        "VilleA": "NewYork",
        "Avion": {},
        "Pilote": {},
        "Reservations": []
    },
    "V507": {
        "NumVol": "V507",
        "VilleD": "Marseille",
        "VilleA": "NewYork",
        "Avion": {},
        "Pilote": {},
        "Reservations": []
    },
    "V508": {
        "NumVol": "V508",
        "VilleD": "Marseille",
        "VilleA": "NewYork",
        "Avion": {},
        "Pilote": {},
        "Reservations": []
    },
    "V509": {
        "NumVol": "V509",
        "VilleD": "Marseille",
        "VilleA": "NewYork",
        "Avion": {},
        "Pilote": {},
        "Reservations": []
    },
    "V510": {
        "NumVol": "V510",
        "VilleD": "Marseille",
        "VilleA": "NewYork",
        "Avion": {},
        "Pilote": {},
        "Reservations": []
    },
    "V511": {
        "NumVol": "V511",
        "VilleD": "Marseille",
        "VilleA": "NewYork",
        "Avion": {},
        "Pilote": {},
        "Reservations": []
    },
    "V512": {
        "NumVol": "V512",
        "VilleD": "Marseille",
        "VilleA": "NewYork",
        "Avion": {},
        "Pilote": {},
        "Reservations": []
    },
    "V513": {
        "NumVol": "V513",
        "VilleD": "Marseille",
        "VilleA": "NewYork",
        "Avion": {},
        "Pilote": {},
        "Reservations": []
    },
    "V514": {
        "NumVol": "V514",
        "VilleD": "Marseille",
        "VilleA": "NewYork",
        "Avion": {},
        "Pilote": {},
        "Reservations": []
    },
    "V515": {
        "NumVol": "V515",
        "VilleD": "Marseille",
        "VilleA": "NewYork",
        "Avion": {},
        "Pilote": {},
        "Reservations": []
    },
    "V516": {
        "NumVol": "V516",
        "VilleD": "Marseille",
        "VilleA": "NewYork",
        "Avion": {},
        "Pilote": {},
        "Reservations": []
    },
    "V517": {
        "NumVol": "V517",
        "VilleD": "Marseille",
        "VilleA": "NewYork",
        "Avion": {},
        "Pilote": {},
        "Reservations": []
    },
    "V518": {
        "NumVol": "V518",
        "VilleD": "Marseille",
        "VilleA": "NewYork",
        "Avion": {},
        "Pilote": {},
        "Reservations": []
    },
    "V519": {
        "NumVol": "V519",
        "VilleD": "Marseille",
        "VilleA": "NewYork",
        "Avion": {},
        "Pilote": {},
        "Reservations": []
    },
    "V520": {
        "NumVol": "V520",
        "VilleD": "Marseille",
        "VilleA": "NewYork",
        "Avion": {},
        "Pilote": {},
        "Reservations": []
    },
    "V521": {
        "NumVol": "V521",
        "VilleD": "Marseille",
        "VilleA": "NewYork",
        "Avion": {},
        "Pilote": {},
        "Reservations": []
    },
    "V522": {
        "NumVol": "V522",
        "VilleD": "Marseille",
        "VilleA": "NewYork",
        "Avion": {},
        "Pilote": {},
        "Reservations": []
    },
    "V523": {
        "NumVol": "V523",
        "VilleD": "Marseille",
        "VilleA": "NewYork",
        "Avion": {},
        "Pilote": {},
        "Reservations": []
    }
}